"initial_name","genus","species","scientificName","kingdom","phylum","class","order","family","db","db_code","MeasureType","Measurement","Units","Field","Code","MeasurementSource"
"Agkistrodon contortrix","Agkistrodon","contortrix","Agkistrodon contortrix","Animalia","Chordata","Squamata",NA,"Viperidae","gbif","GBIF:9215881","AgeAtMaturity",730,"days","Male.maturity..days.","MaleAgeAtMaturity","AnAge"
"Agkistrodon contortrix","Agkistrodon","contortrix","Agkistrodon contortrix","Animalia","Chordata","Squamata",NA,"Viperidae","gbif","GBIF:9215881","AgeAtMaturity",730,"days","Female.maturity..days.","FemaleAgeAtMaturity","AnAge"
"Agkistrodon contortrix","Agkistrodon","contortrix","Agkistrodon contortrix","Animalia","Chordata","Squamata",NA,"Viperidae","gbif","GBIF:9215881","AgeAtMaturity",912.86,"days","female_maturity_d","FemaleAgeAtMaturity","Amniota"
"Agkistrodon contortrix","Agkistrodon","contortrix","Agkistrodon contortrix","Animalia","Chordata","Squamata",NA,"Viperidae","gbif","GBIF:9215881","AgeAtMaturity",730,"days","male_maturity_d","FemaleAgeAtMaturity","Amniota"
"Ambystoma barbouri","Ambystoma","barbouri","Ambystoma barbouri","Animalia","Chordata","Amphibia","Caudata","Ambystomatidae","gbif","GBIF:2432017",NA,NA,NA,NA,NA,NA
"Ambystoma opacum","Ambystoma","opacum","Ambystoma opacum","Animalia","Chordata","Amphibia","Caudata","Ambystomatidae","gbif","GBIF:2432006","AgeAtMaturity",3.05,"years","Age_at_maturity_min_y","MinAgeAtMaturity","Amphibio"
"Ambystoma opacum","Ambystoma","opacum","Ambystoma opacum","Animalia","Chordata","Amphibia","Caudata","Ambystomatidae","gbif","GBIF:2432006","AgeAtMaturity",3.5,"years","Age_at_maturity_max_y","MaxAgeAtMaturity","Amphibio"
"Ambystoma opacum","Ambystoma","opacum","Ambystoma opacum","Animalia","Chordata","Amphibia","Caudata","Ambystomatidae","gbif","GBIF:2432006","AgeAtMaturity",1113,"days","Male.maturity..days.","MaleAgeAtMaturity","AnAge"
"Ambystoma opacum","Ambystoma","opacum","Ambystoma opacum","Animalia","Chordata","Amphibia","Caudata","Ambystomatidae","gbif","GBIF:2432006","AgeAtMaturity",1296,"days","Female.maturity..days.","FemaleAgeAtMaturity","AnAge"
"Ammospiza maritima","Ammospiza","maritima","Ammodramus maritimus","Animalia","Chordata","Aves","Passeriformes","Emberizidae","gbif","GBIF:2491095","AgeAtMaturity",365,"days","Male.maturity..days.","MaleAgeAtMaturity","AnAge"
"Ammospiza maritima","Ammospiza","maritima","Ammodramus maritimus","Animalia","Chordata","Aves","Passeriformes","Emberizidae","gbif","GBIF:2491095","AgeAtMaturity",365,"days","Female.maturity..days.","FemaleAgeAtMaturity","AnAge"
"Ammospiza maritima","Ammospiza","maritima","Ammodramus maritimus","Animalia","Chordata","Aves","Passeriformes","Emberizidae","gbif","GBIF:2491095","AgeAtMaturity",365,"days","female_maturity_d","FemaleAgeAtMaturity","Amniota"
"Ammospiza maritima","Ammospiza","maritima","Ammodramus maritimus","Animalia","Chordata","Aves","Passeriformes","Emberizidae","gbif","GBIF:2491095","AgeAtMaturity",365,"days","male_maturity_d","FemaleAgeAtMaturity","Amniota"
"Amphispiza bilineata","Amphispiza","bilineata","Amphispiza bilineata","Animalia","Chordata","Aves","Passeriformes","Emberizidae","gbif","GBIF:2491757",NA,NA,NA,NA,NA,NA
"Anaxyrus woodhousii","Anaxyrus","woodhousii","Anaxyrus woodhousii","Animalia","Chordata","Amphibia","Anura","Bufonidae","gbif","GBIF:2422865","AgeAtMaturity",2,"years","Age_at_maturity_min_y","MinAgeAtMaturity","Amphibio"
"Anaxyrus woodhousii","Anaxyrus","woodhousii","Anaxyrus woodhousii","Animalia","Chordata","Amphibia","Anura","Bufonidae","gbif","GBIF:2422865","AgeAtMaturity",2,"years","Age_at_maturity_max_y","MaxAgeAtMaturity","Amphibio"
"Arborimus albipes","Arborimus","albipes","Arborimus albipes","Animalia","Chordata","Mammalia","Rodentia","Cricetidae","gbif","GBIF:2437933","GenerationLength",589.3882991,"days","GenerationLength_d","GenerationLength","Pacifici et al. 2014"
"Arborimus longicaudus","Arborimus","longicaudus","Arborimus longicaudus","Animalia","Chordata","Mammalia","Rodentia","Cricetidae","gbif","GBIF:2437931","GenerationLength",589.3882991,"days","GenerationLength_d","GenerationLength","Pacifici et al. 2014"
"Artemisiospiza nevadensis","Artemisiospiza","nevadensis","Artemisiospiza nevadensis","Animalia","Chordata","Aves","Passeriformes","Emberizidae","gbif","GBIF:8276794",NA,NA,NA,NA,NA,NA
"Aspidoscelis sexlineata","Aspidoscelis","sexlineata","Aspidoscelis sexlineatus","Animalia","Chordata","Squamata",NA,"Teiidae","gbif","GBIF:2472425","AgeAtMaturity",10,"months","youngest.age.at.first.breeding..months.","oldest.age.at.first.breeding..months.",""
"Aspidoscelis sexlineata","Aspidoscelis","sexlineata","Aspidoscelis sexlineatus","Animalia","Chordata","Squamata",NA,"Teiidae","gbif","GBIF:2472425","AgeAtMaturity",24,"months","oldest.age.at.first.breeding..months.","MinAgeAtMaturity",""
"Batrachoseps wrighti","Batrachoseps","wrighti","Batrachoseps wrighti","Animalia","Chordata","Amphibia","Caudata","Plethodontidae","gbif","GBIF:2431771","AgeAtMaturity",3.5,"years","Age_at_maturity_min_y","MinAgeAtMaturity","Amphibio"
"Batrachoseps wrighti","Batrachoseps","wrighti","Batrachoseps wrighti","Animalia","Chordata","Amphibia","Caudata","Plethodontidae","gbif","GBIF:2431771","AgeAtMaturity",3.5,"years","Age_at_maturity_max_y","MaxAgeAtMaturity","Amphibio"
"Carphophis amoenus","Carphophis","amoenus","Carphophis amoenus","Animalia","Chordata","Squamata",NA,"Colubridae","gbif","GBIF:2457092",NA,NA,NA,NA,NA,NA
"Chaetodipus hispidus","Chaetodipus","hispidus","Chaetodipus hispidus","Animalia","Chordata","Mammalia","Rodentia","Heteromyidae","gbif","GBIF:2439583","GenerationLength",987.63075,"days","GenerationLength_d","GenerationLength","Pacifici et al. 2014"
"Chamaea fasciata","Chamaea","fasciata","Chamaea fasciata","Animalia","Chordata","Aves","Passeriformes","Sylviidae","gbif","GBIF:2493558","AgeAtMaturity",365,"days","Male.maturity..days.","MaleAgeAtMaturity","AnAge"
"Chamaea fasciata","Chamaea","fasciata","Chamaea fasciata","Animalia","Chordata","Aves","Passeriformes","Sylviidae","gbif","GBIF:2493558","AgeAtMaturity",365,"days","Female.maturity..days.","FemaleAgeAtMaturity","AnAge"
"Chamaea fasciata","Chamaea","fasciata","Chamaea fasciata","Animalia","Chordata","Aves","Passeriformes","Sylviidae","gbif","GBIF:2493558","AgeAtMaturity",365,"days","female_maturity_d","FemaleAgeAtMaturity","Amniota"
"Chamaea fasciata","Chamaea","fasciata","Chamaea fasciata","Animalia","Chordata","Aves","Passeriformes","Sylviidae","gbif","GBIF:2493558","AgeAtMaturity",365,"days","male_maturity_d","FemaleAgeAtMaturity","Amniota"
"Coragyps atratus","Coragyps","atratus","Coragyps atratus","Animalia","Chordata","Aves","Accipitriformes","Cathartidae","gbif","GBIF:2481942","AgeAtMaturity",2920,"days","Male.maturity..days.","MaleAgeAtMaturity","AnAge"
"Coragyps atratus","Coragyps","atratus","Coragyps atratus","Animalia","Chordata","Aves","Accipitriformes","Cathartidae","gbif","GBIF:2481942","AgeAtMaturity",2920,"days","Female.maturity..days.","FemaleAgeAtMaturity","AnAge"
"Coragyps atratus","Coragyps","atratus","Coragyps atratus","Animalia","Chordata","Aves","Accipitriformes","Cathartidae","gbif","GBIF:2481942","AgeAtMaturity",2921,"days","female_maturity_d","FemaleAgeAtMaturity","Amniota"
"Coragyps atratus","Coragyps","atratus","Coragyps atratus","Animalia","Chordata","Aves","Accipitriformes","Cathartidae","gbif","GBIF:2481942","AgeAtMaturity",2920,"days","male_maturity_d","FemaleAgeAtMaturity","Amniota"
"Corvus ossifragus","Corvus","ossifragus","Corvus ossifragus","Animalia","Chordata","Aves","Passeriformes","Corvidae","gbif","GBIF:2482481","AgeAtMaturity",730,"days","Male.maturity..days.","MaleAgeAtMaturity","AnAge"
"Corvus ossifragus","Corvus","ossifragus","Corvus ossifragus","Animalia","Chordata","Aves","Passeriformes","Corvidae","gbif","GBIF:2482481","AgeAtMaturity",730,"days","Female.maturity..days.","FemaleAgeAtMaturity","AnAge"
"Corvus ossifragus","Corvus","ossifragus","Corvus ossifragus","Animalia","Chordata","Aves","Passeriformes","Corvidae","gbif","GBIF:2482481","AgeAtMaturity",730,"days","female_maturity_d","FemaleAgeAtMaturity","Amniota"
"Corvus ossifragus","Corvus","ossifragus","Corvus ossifragus","Animalia","Chordata","Aves","Passeriformes","Corvidae","gbif","GBIF:2482481","AgeAtMaturity",730,"days","male_maturity_d","FemaleAgeAtMaturity","Amniota"
"Corynorhinus rafinesquii","Corynorhinus","rafinesquii","Corynorhinus rafinesquii","Animalia","Chordata","Mammalia","Chiroptera","Vespertilionidae","gbif","GBIF:2432491","AgeAtMaturity",210.45,"days","SexualMaturityAge_d","AgeAtMaturity","Pantheria - 2005"
"Corynorhinus rafinesquii","Corynorhinus","rafinesquii","Corynorhinus rafinesquii","Animalia","Chordata","Mammalia","Chiroptera","Vespertilionidae","gbif","GBIF:2432491","GenerationLength",1289.8028,"days","GenerationLength_d","GenerationLength","Pacifici et al. 2014"
"Corynorhinus rafinesquii","Corynorhinus","rafinesquii","Corynorhinus rafinesquii","Animalia","Chordata","Mammalia","Chiroptera","Vespertilionidae","gbif","GBIF:2432491","AgeAtMaturity",182,"days","Male.maturity..days.","MaleAgeAtMaturity","AnAge"
"Corynorhinus rafinesquii","Corynorhinus","rafinesquii","Corynorhinus rafinesquii","Animalia","Chordata","Mammalia","Chiroptera","Vespertilionidae","gbif","GBIF:2432491","AgeAtMaturity",182,"days","Female.maturity..days.","FemaleAgeAtMaturity","AnAge"
"Corynorhinus rafinesquii","Corynorhinus","rafinesquii","Corynorhinus rafinesquii","Animalia","Chordata","Mammalia","Chiroptera","Vespertilionidae","gbif","GBIF:2432491","AgeAtMaturity",210.45,"days","female_maturity_d","FemaleAgeAtMaturity","Amniota"
"Crotalus horridus","Crotalus","horridus","Crotalus horridus","Animalia","Chordata","Squamata",NA,"Viperidae","gbif","GBIF:2444468","AgeAtMaturity",1825,"days","Male.maturity..days.","MaleAgeAtMaturity","AnAge"
"Crotalus horridus","Crotalus","horridus","Crotalus horridus","Animalia","Chordata","Squamata",NA,"Viperidae","gbif","GBIF:2444468","AgeAtMaturity",2555,"days","Female.maturity..days.","FemaleAgeAtMaturity","AnAge"
"Crotalus horridus","Crotalus","horridus","Crotalus horridus","Animalia","Chordata","Squamata",NA,"Viperidae","gbif","GBIF:2444468","AgeAtMaturity",2555.875,"days","female_maturity_d","FemaleAgeAtMaturity","Amniota"
"Crotalus horridus","Crotalus","horridus","Crotalus horridus","Animalia","Chordata","Squamata",NA,"Viperidae","gbif","GBIF:2444468","AgeAtMaturity",1825,"days","male_maturity_d","FemaleAgeAtMaturity","Amniota"
"Cryptobranchus alleganiensis","Cryptobranchus","alleganiensis","Cryptobranchus alleganiensis","Animalia","Chordata","Amphibia","Caudata","Cryptobranchidae","gbif","GBIF:2432031","AgeAtMaturity",3,"years","Age_at_maturity_min_y","MinAgeAtMaturity","Amphibio"
"Cryptobranchus alleganiensis","Cryptobranchus","alleganiensis","Cryptobranchus alleganiensis","Animalia","Chordata","Amphibia","Caudata","Cryptobranchidae","gbif","GBIF:2432031","AgeAtMaturity",6,"years","Age_at_maturity_max_y","MaxAgeAtMaturity","Amphibio"
"Cryptobranchus alleganiensis","Cryptobranchus","alleganiensis","Cryptobranchus alleganiensis","Animalia","Chordata","Amphibia","Caudata","Cryptobranchidae","gbif","GBIF:2432031","AgeAtMaturity",1825,"days","Male.maturity..days.","MaleAgeAtMaturity","AnAge"
"Cryptobranchus alleganiensis","Cryptobranchus","alleganiensis","Cryptobranchus alleganiensis","Animalia","Chordata","Amphibia","Caudata","Cryptobranchidae","gbif","GBIF:2432031","AgeAtMaturity",1825,"days","Female.maturity..days.","FemaleAgeAtMaturity","AnAge"
"Desmognathus monticola","Desmognathus","monticola","Desmognathus monticola","Animalia","Chordata","Amphibia","Caudata","Plethodontidae","gbif","GBIF:2431233","AgeAtMaturity",3.5,"years","Age_at_maturity_min_y","MinAgeAtMaturity","Amphibio"
"Desmognathus monticola","Desmognathus","monticola","Desmognathus monticola","Animalia","Chordata","Amphibia","Caudata","Plethodontidae","gbif","GBIF:2431233","AgeAtMaturity",7,"years","Age_at_maturity_max_y","MaxAgeAtMaturity","Amphibio"
"Desmognathus monticola","Desmognathus","monticola","Desmognathus monticola","Animalia","Chordata","Amphibia","Caudata","Plethodontidae","gbif","GBIF:2431233","AgeAtMaturity",1277,"days","Male.maturity..days.","MaleAgeAtMaturity","AnAge"
"Desmognathus monticola","Desmognathus","monticola","Desmognathus monticola","Animalia","Chordata","Amphibia","Caudata","Plethodontidae","gbif","GBIF:2431233","AgeAtMaturity",1642,"days","Female.maturity..days.","FemaleAgeAtMaturity","AnAge"
"Elgaria multicarinata","Elgaria","multicarinata","Elgaria multicarinata","Animalia","Chordata","Squamata",NA,"Anguidae","gbif","GBIF:2468262","AgeAtMaturity",18,"months","youngest.age.at.first.breeding..months.","oldest.age.at.first.breeding..months.",""
"Elgaria multicarinata","Elgaria","multicarinata","Elgaria multicarinata","Animalia","Chordata","Squamata",NA,"Anguidae","gbif","GBIF:2468262","AgeAtMaturity",18,"months","oldest.age.at.first.breeding..months.","MinAgeAtMaturity",""
"Eurycea cirrigera","Eurycea","cirrigera","Eurycea cirrigera","Animalia","Chordata","Amphibia","Caudata","Plethodontidae","gbif","GBIF:5218366","AgeAtMaturity",2,"years","Age_at_maturity_min_y","MinAgeAtMaturity","Amphibio"
"Eurycea cirrigera","Eurycea","cirrigera","Eurycea cirrigera","Animalia","Chordata","Amphibia","Caudata","Plethodontidae","gbif","GBIF:5218366","AgeAtMaturity",4,"years","Age_at_maturity_max_y","MaxAgeAtMaturity","Amphibio"
"Eurycea longicauda","Eurycea","longicauda","Eurycea longicauda","Animalia","Chordata","Amphibia","Caudata","Plethodontidae","gbif","GBIF:5218348","AgeAtMaturity",1,"years","Age_at_maturity_min_y","MinAgeAtMaturity","Amphibio"
"Eurycea longicauda","Eurycea","longicauda","Eurycea longicauda","Animalia","Chordata","Amphibia","Caudata","Plethodontidae","gbif","GBIF:5218348","AgeAtMaturity",2,"years","Age_at_maturity_max_y","MaxAgeAtMaturity","Amphibio"
"Eurycea lucifuga","Eurycea","lucifuga","Eurycea lucifuga","Animalia","Chordata","Amphibia","Caudata","Plethodontidae","gbif","GBIF:5218351","AgeAtMaturity",3,"years","Age_at_maturity_min_y","MinAgeAtMaturity","Amphibio"
"Eurycea lucifuga","Eurycea","lucifuga","Eurycea lucifuga","Animalia","Chordata","Amphibia","Caudata","Plethodontidae","gbif","GBIF:5218351","AgeAtMaturity",3,"years","Age_at_maturity_max_y","MaxAgeAtMaturity","Amphibio"
"Eurycea lucifuga","Eurycea","lucifuga","Eurycea lucifuga","Animalia","Chordata","Amphibia","Caudata","Plethodontidae","gbif","GBIF:5218351","AgeAtMaturity",1095,"days","Male.maturity..days.","MaleAgeAtMaturity","AnAge"
"Eurycea lucifuga","Eurycea","lucifuga","Eurycea lucifuga","Animalia","Chordata","Amphibia","Caudata","Plethodontidae","gbif","GBIF:5218351","AgeAtMaturity",1095,"days","Female.maturity..days.","FemaleAgeAtMaturity","AnAge"
"Geothlypis formosa","Geothlypis","formosa","Geothlypis formosa","Animalia","Chordata","Aves","Passeriformes","Parulidae","gbif","GBIF:6093586","AgeAtMaturity",364.359,"days","female_maturity_d","FemaleAgeAtMaturity","Amniota"
"Gymnorhinus cyanocephalus","Gymnorhinus","cyanocephalus","Gymnorhinus cyanocephalus","Animalia","Chordata","Aves","Passeriformes","Corvidae","gbif","GBIF:5229498","AgeAtMaturity",365,"days","Male.maturity..days.","MaleAgeAtMaturity","AnAge"
"Gymnorhinus cyanocephalus","Gymnorhinus","cyanocephalus","Gymnorhinus cyanocephalus","Animalia","Chordata","Aves","Passeriformes","Corvidae","gbif","GBIF:5229498","AgeAtMaturity",365,"days","Female.maturity..days.","FemaleAgeAtMaturity","AnAge"
"Gymnorhinus cyanocephalus","Gymnorhinus","cyanocephalus","Gymnorhinus cyanocephalus","Animalia","Chordata","Aves","Passeriformes","Corvidae","gbif","GBIF:5229498","AgeAtMaturity",545.202,"days","female_maturity_d","FemaleAgeAtMaturity","Amniota"
"Gymnorhinus cyanocephalus","Gymnorhinus","cyanocephalus","Gymnorhinus cyanocephalus","Animalia","Chordata","Aves","Passeriformes","Corvidae","gbif","GBIF:5229498","AgeAtMaturity",365,"days","male_maturity_d","FemaleAgeAtMaturity","Amniota"
"Lampropeltis gentilis","Lampropeltis","gentilis","Lampropeltis gentilis","Animalia","Chordata","Squamata",NA,"Colubridae","gbif","GBIF:9498445",NA,NA,NA,NA,NA,NA
"Lampropeltis calligaster","Lampropeltis","calligaster","Lampropeltis calligaster","Animalia","Chordata","Squamata",NA,"Colubridae","gbif","GBIF:5224464","AgeAtMaturity",1095,"days","Male.maturity..days.","MaleAgeAtMaturity","AnAge"
"Lampropeltis calligaster","Lampropeltis","calligaster","Lampropeltis calligaster","Animalia","Chordata","Squamata",NA,"Colubridae","gbif","GBIF:5224464","AgeAtMaturity",1095,"days","Female.maturity..days.","FemaleAgeAtMaturity","AnAge"
"Lampropeltis calligaster","Lampropeltis","calligaster","Lampropeltis calligaster","Animalia","Chordata","Squamata",NA,"Colubridae","gbif","GBIF:5224464","AgeAtMaturity",1095,"days","female_maturity_d","FemaleAgeAtMaturity","Amniota"
"Lampropeltis calligaster","Lampropeltis","calligaster","Lampropeltis calligaster","Animalia","Chordata","Squamata",NA,"Colubridae","gbif","GBIF:5224464","AgeAtMaturity",1095,"days","male_maturity_d","FemaleAgeAtMaturity","Amniota"
"Lampropeltis nigra","Lampropeltis","nigra","Lampropeltis nigra","Animalia","Chordata","Squamata",NA,"Colubridae","gbif","GBIF:7721444","AgeAtMaturity",1095,"days","female_maturity_d","FemaleAgeAtMaturity","Amniota"
"Lampropeltis nigra","Lampropeltis","nigra","Lampropeltis nigra","Animalia","Chordata","Squamata",NA,"Colubridae","gbif","GBIF:7721444","AgeAtMaturity",1095,"days","male_maturity_d","FemaleAgeAtMaturity","Amniota"
"Lepus californicus","Lepus","californicus","Lepus californicus","Animalia","Chordata","Mammalia","Lagomorpha","Leporidae","gbif","GBIF:2436801","AgeAtMaturity",263.07,"days","SexualMaturityAge_d","AgeAtMaturity","Pantheria - 2005"
"Lepus californicus","Lepus","californicus","Lepus californicus","Animalia","Chordata","Mammalia","Lagomorpha","Leporidae","gbif","GBIF:2436801","GenerationLength",1226.50635,"days","GenerationLength_d","GenerationLength","Pacifici et al. 2014"
"Lepus californicus","Lepus","californicus","Lepus californicus","Animalia","Chordata","Mammalia","Lagomorpha","Leporidae","gbif","GBIF:2436801","AgeAtMaturity",243,"days","Female.maturity..days.","FemaleAgeAtMaturity","AnAge"
"Lepus californicus","Lepus","californicus","Lepus californicus","Animalia","Chordata","Mammalia","Lagomorpha","Leporidae","gbif","GBIF:2436801","AgeAtMaturity",243.427128,"days","female_maturity_d","FemaleAgeAtMaturity","Amniota"
"Limnothlypis swainsonii","Limnothlypis","swainsonii","Limnothlypis swainsonii","Animalia","Chordata","Aves","Passeriformes","Parulidae","gbif","GBIF:2489636","AgeAtMaturity",365,"days","Male.maturity..days.","MaleAgeAtMaturity","AnAge"
"Limnothlypis swainsonii","Limnothlypis","swainsonii","Limnothlypis swainsonii","Animalia","Chordata","Aves","Passeriformes","Parulidae","gbif","GBIF:2489636","AgeAtMaturity",365,"days","Female.maturity..days.","FemaleAgeAtMaturity","AnAge"
"Limnothlypis swainsonii","Limnothlypis","swainsonii","Limnothlypis swainsonii","Animalia","Chordata","Aves","Passeriformes","Parulidae","gbif","GBIF:2489636","AgeAtMaturity",364.234,"days","female_maturity_d","FemaleAgeAtMaturity","Amniota"
"Limnothlypis swainsonii","Limnothlypis","swainsonii","Limnothlypis swainsonii","Animalia","Chordata","Aves","Passeriformes","Parulidae","gbif","GBIF:2489636","AgeAtMaturity",365,"days","male_maturity_d","FemaleAgeAtMaturity","Amniota"
"Lithobates areolatus","Lithobates","areolatus","Lithobates areolatus","Animalia","Chordata","Amphibia","Anura","Ranidae","gbif","GBIF:2427133","AgeAtMaturity",2,"years","Age_at_maturity_min_y","MinAgeAtMaturity","Amphibio"
"Lithobates areolatus","Lithobates","areolatus","Lithobates areolatus","Animalia","Chordata","Amphibia","Anura","Ranidae","gbif","GBIF:2427133","AgeAtMaturity",5,"years","Age_at_maturity_max_y","MaxAgeAtMaturity","Amphibio"
"Lithobates blairi","Lithobates","blairi","Lithobates blairi","Animalia","Chordata","Amphibia","Anura","Ranidae","gbif","GBIF:2427062",NA,NA,NA,NA,NA,NA
"Lithobates sphenocephalus","Lithobates","sphenocephalus","Lithobates sphenocephalus","Animalia","Chordata","Amphibia","Anura","Ranidae","gbif","GBIF:2427093",NA,NA,NA,NA,NA,NA
"Malaclemys terrapin","Malaclemys","terrapin","Malaclemys terrapin","Animalia","Chordata","Testudines",NA,"Emydidae","gbif","GBIF:2443212","AgeAtMaturity",910,"days","Male.maturity..days.","MaleAgeAtMaturity","AnAge"
"Malaclemys terrapin","Malaclemys","terrapin","Malaclemys terrapin","Animalia","Chordata","Testudines",NA,"Emydidae","gbif","GBIF:2443212","AgeAtMaturity",2190,"days","Female.maturity..days.","FemaleAgeAtMaturity","AnAge"
"Malaclemys terrapin","Malaclemys","terrapin","Malaclemys terrapin","Animalia","Chordata","Testudines",NA,"Emydidae","gbif","GBIF:2443212","AgeAtMaturity",2190,"days","female_maturity_d","FemaleAgeAtMaturity","Amniota"
"Malaclemys terrapin","Malaclemys","terrapin","Malaclemys terrapin","Animalia","Chordata","Testudines",NA,"Emydidae","gbif","GBIF:2443212","AgeAtMaturity",910,"days","male_maturity_d","FemaleAgeAtMaturity","Amniota"
"Marmota olympus","Marmota","olympus","Marmota olympus","Animalia","Chordata","Mammalia","Rodentia","Sciuridae","gbif","GBIF:2437374","AgeAtMaturity",1141.75,"days","SexualMaturityAge_d","AgeAtMaturity","Pantheria - 2005"
"Marmota olympus","Marmota","olympus","Marmota olympus","Animalia","Chordata","Mammalia","Rodentia","Sciuridae","gbif","GBIF:2437374","GenerationLength",1976.82975,"days","GenerationLength_d","GenerationLength","Pacifici et al. 2014"
"Marmota olympus","Marmota","olympus","Marmota olympus","Animalia","Chordata","Mammalia","Rodentia","Sciuridae","gbif","GBIF:2437374","AgeAtMaturity",1057.851,"days","female_maturity_d","FemaleAgeAtMaturity","Amniota"
"Masticophis taeniatus","Masticophis","taeniatus","Masticophis taeniatus","Animalia","Chordata","Squamata",NA,"Colubridae","gbif","GBIF:8367811",NA,NA,NA,NA,NA,NA
"Melanerpes formicivorus","Melanerpes","formicivorus","Melanerpes formicivorus","Animalia","Chordata","Aves","Piciformes","Picidae","gbif","GBIF:2478133","AgeAtMaturity",766,"days","Male.maturity..days.","MaleAgeAtMaturity","AnAge"
"Melanerpes formicivorus","Melanerpes","formicivorus","Melanerpes formicivorus","Animalia","Chordata","Aves","Piciformes","Picidae","gbif","GBIF:2478133","AgeAtMaturity",694,"days","Female.maturity..days.","FemaleAgeAtMaturity","AnAge"
"Melanerpes formicivorus","Melanerpes","formicivorus","Melanerpes formicivorus","Animalia","Chordata","Aves","Piciformes","Picidae","gbif","GBIF:2478133","AgeAtMaturity",694,"days","female_maturity_d","FemaleAgeAtMaturity","Amniota"
"Melanerpes formicivorus","Melanerpes","formicivorus","Melanerpes formicivorus","Animalia","Chordata","Aves","Piciformes","Picidae","gbif","GBIF:2478133","AgeAtMaturity",766,"days","male_maturity_d","FemaleAgeAtMaturity","Amniota"
"Myiarchus cinerascens","Myiarchus","cinerascens","Myiarchus cinerascens","Animalia","Chordata","Aves","Passeriformes","Tyrannidae","gbif","GBIF:2483600","AgeAtMaturity",363.468,"days","female_maturity_d","FemaleAgeAtMaturity","Amniota"
"Myodes californicus","Myodes","californicus","Myodes californicus","Animalia","Chordata","Mammalia","Rodentia","Cricetidae","gbif","GBIF:5706763","GenerationLength",433.3599222,"days","GenerationLength_d","GenerationLength","Pacifici et al. 2014"
"Myodes californicus","Myodes","californicus","Myodes californicus","Animalia","Chordata","Mammalia","Rodentia","Cricetidae","gbif","GBIF:5706763","AgeAtMaturity",121.744,"days","female_maturity_d","FemaleAgeAtMaturity","Amniota"
"Neotoma fuscipes","Neotoma","fuscipes","Neotoma fuscipes","Animalia","Chordata","Mammalia","Rodentia","Cricetidae","gbif","GBIF:2438455","GenerationLength",857.0894875,"days","GenerationLength_d","GenerationLength","Pacifici et al. 2014"
"Neotoma fuscipes","Neotoma","fuscipes","Neotoma fuscipes","Animalia","Chordata","Mammalia","Rodentia","Cricetidae","gbif","GBIF:2438455","AgeAtMaturity",182.616,"days","female_maturity_d","FemaleAgeAtMaturity","Amniota"
"Nerodia erythrogaster","Nerodia","erythrogaster","Nerodia erythrogaster","Animalia","Chordata","Squamata",NA,"Colubridae","gbif","GBIF:5223362",NA,NA,NA,NA,NA,NA
"Nyctanassa violacea","Nyctanassa","violacea","Nyctanassa violacea","Animalia","Chordata","Aves","Pelecaniformes","Ardeidae","gbif","GBIF:2480953",NA,NA,NA,NA,NA,NA
"Nycticeius humeralis","Nycticeius","humeralis","Nycticeius humeralis","Animalia","Chordata","Mammalia","Chiroptera","Vespertilionidae","gbif","GBIF:2432314","GenerationLength",2055.239876,"days","GenerationLength_d","GenerationLength","Pacifici et al. 2014"
"Nycticeius humeralis","Nycticeius","humeralis","Nycticeius humeralis","Animalia","Chordata","Mammalia","Chiroptera","Vespertilionidae","gbif","GBIF:2432314","AgeAtMaturity",365,"days","female_maturity_d","FemaleAgeAtMaturity","Amniota"
"Nycticeius humeralis","Nycticeius","humeralis","Nycticeius humeralis","Animalia","Chordata","Mammalia","Chiroptera","Vespertilionidae","gbif","GBIF:2432314","AgeAtMaturity",456,"days","male_maturity_d","FemaleAgeAtMaturity","Amniota"
"Ochrotomys nuttalli","Ochrotomys","nuttalli","Ochrotomys nuttalli","Animalia","Chordata","Mammalia","Rodentia","Cricetidae","gbif","GBIF:2438565","GenerationLength",589.3882991,"days","GenerationLength_d","GenerationLength","Pacifici et al. 2014"
"Opheodrys aestivus","Opheodrys","aestivus","Opheodrys aestivus","Animalia","Chordata","Squamata",NA,"Colubridae","gbif","GBIF:8984671","AgeAtMaturity",730,"days","Male.maturity..days.","MaleAgeAtMaturity","AnAge"
"Opheodrys aestivus","Opheodrys","aestivus","Opheodrys aestivus","Animalia","Chordata","Squamata",NA,"Colubridae","gbif","GBIF:8984671","AgeAtMaturity",730,"days","Female.maturity..days.","FemaleAgeAtMaturity","AnAge"
"Opheodrys aestivus","Opheodrys","aestivus","Opheodrys aestivus","Animalia","Chordata","Squamata",NA,"Colubridae","gbif","GBIF:8984671","AgeAtMaturity",730,"days","female_maturity_d","FemaleAgeAtMaturity","Amniota"
"Opheodrys aestivus","Opheodrys","aestivus","Opheodrys aestivus","Animalia","Chordata","Squamata",NA,"Colubridae","gbif","GBIF:8984671","AgeAtMaturity",684.62,"days","male_maturity_d","FemaleAgeAtMaturity","Amniota"
"Ophisaurus attenuatus","Ophisaurus","attenuatus","Ophisaurus attenuatus","Animalia","Chordata","Squamata",NA,"Anguidae","gbif","GBIF:5226648","AgeAtMaturity",20,"months","youngest.age.at.first.breeding..months.","oldest.age.at.first.breeding..months.",""
"Ophisaurus attenuatus","Ophisaurus","attenuatus","Ophisaurus attenuatus","Animalia","Chordata","Squamata",NA,"Anguidae","gbif","GBIF:5226648","AgeAtMaturity",20,"months","oldest.age.at.first.breeding..months.","MinAgeAtMaturity",""
"Otospermophilus beecheyi","Otospermophilus","beecheyi","Otospermophilus beecheyi","Animalia","Chordata","Mammalia","Rodentia","Sciuridae","gbif","GBIF:8080937",NA,NA,NA,NA,NA,NA
"Pantherophis guttatus","Pantherophis","guttatus","Pantherophis guttatus","Animalia","Chordata","Squamata",NA,"Colubridae","gbif","GBIF:2455615","AgeAtMaturity",600,"days","female_maturity_d","FemaleAgeAtMaturity","Amniota"
"Pantherophis guttatus","Pantherophis","guttatus","Pantherophis guttatus","Animalia","Chordata","Squamata",NA,"Colubridae","gbif","GBIF:2455615","AgeAtMaturity",573.96,"days","male_maturity_d","FemaleAgeAtMaturity","Amniota"
"Pantherophis alleghaniensis","Pantherophis","alleghaniensis","Pantherophis alleghaniensis","Animalia","Chordata","Squamata",NA,"Colubridae","gbif","GBIF:7453543","AgeAtMaturity",1460,"days","female_maturity_d","FemaleAgeAtMaturity","Amniota"
"Pantherophis alleghaniensis","Pantherophis","alleghaniensis","Pantherophis alleghaniensis","Animalia","Chordata","Squamata",NA,"Colubridae","gbif","GBIF:7453543","AgeAtMaturity",1460,"days","male_maturity_d","FemaleAgeAtMaturity","Amniota"
"Pantherophis ramspotti","Pantherophis","ramspotti","Pantherophis ramspotti","Animalia","Chordata","Squamata",NA,"Colubridae","gbif","GBIF:7501483",NA,NA,NA,NA,NA,NA
"Parastrellus hesperus","Parastrellus","hesperus","Parastrellus hesperus","Animalia","Chordata","Mammalia","Chiroptera","Vespertilionidae","gbif","GBIF:8397398",NA,NA,NA,NA,NA,NA
"Passerina caerulea","Passerina","caerulea","Passerina caerulea","Animalia","Chordata","Aves","Passeriformes","Cardinalidae","gbif","GBIF:5230862","AgeAtMaturity",365,"days","Male.maturity..days.","MaleAgeAtMaturity","AnAge"
"Passerina caerulea","Passerina","caerulea","Passerina caerulea","Animalia","Chordata","Aves","Passeriformes","Cardinalidae","gbif","GBIF:5230862","AgeAtMaturity",365,"days","Female.maturity..days.","FemaleAgeAtMaturity","AnAge"
"Passerina caerulea","Passerina","caerulea","Passerina caerulea","Animalia","Chordata","Aves","Passeriformes","Cardinalidae","gbif","GBIF:5230862","AgeAtMaturity",547.75,"days","female_maturity_d","FemaleAgeAtMaturity","Amniota"
"Passerina caerulea","Passerina","caerulea","Passerina caerulea","Animalia","Chordata","Aves","Passeriformes","Cardinalidae","gbif","GBIF:5230862","AgeAtMaturity",365,"days","male_maturity_d","FemaleAgeAtMaturity","Amniota"
"Perognathus flavescens","Perognathus","flavescens","Perognathus flavescens","Animalia","Chordata","Mammalia","Rodentia","Heteromyidae","gbif","GBIF:2439558","GenerationLength",996.4534,"days","GenerationLength_d","GenerationLength","Pacifici et al. 2014"
"Perognathus flavescens","Perognathus","flavescens","Perognathus flavescens","Animalia","Chordata","Mammalia","Rodentia","Heteromyidae","gbif","GBIF:2439558","AgeAtMaturity",84,"days","Female.maturity..days.","FemaleAgeAtMaturity","AnAge"
"Perognathus flavescens","Perognathus","flavescens","Perognathus flavescens","Animalia","Chordata","Mammalia","Rodentia","Heteromyidae","gbif","GBIF:2439558","AgeAtMaturity",83.699,"days","female_maturity_d","FemaleAgeAtMaturity","Amniota"
"Peromyscus boylii","Peromyscus","boylii","Peromyscus boylii","Animalia","Chordata","Mammalia","Rodentia","Cricetidae","gbif","GBIF:2438038","AgeAtMaturity",56.67,"days","SexualMaturityAge_d","AgeAtMaturity","Pantheria - 2005"
"Peromyscus boylii","Peromyscus","boylii","Peromyscus boylii","Animalia","Chordata","Mammalia","Rodentia","Cricetidae","gbif","GBIF:2438038","GenerationLength",229.0677,"days","GenerationLength_d","GenerationLength","Pacifici et al. 2014"
"Peromyscus boylii","Peromyscus","boylii","Peromyscus boylii","Animalia","Chordata","Mammalia","Rodentia","Cricetidae","gbif","GBIF:2438038","AgeAtMaturity",52.98816,"days","female_maturity_d","FemaleAgeAtMaturity","Amniota"
"Peromyscus truei","Peromyscus","truei","Peromyscus truei","Animalia","Chordata","Mammalia","Rodentia","Cricetidae","gbif","GBIF:2437985","AgeAtMaturity",42.46,"days","SexualMaturityAge_d","AgeAtMaturity","Pantheria - 2005"
"Peromyscus truei","Peromyscus","truei","Peromyscus truei","Animalia","Chordata","Mammalia","Rodentia","Cricetidae","gbif","GBIF:2437985","GenerationLength",639.38525,"days","GenerationLength_d","GenerationLength","Pacifici et al. 2014"
"Peromyscus truei","Peromyscus","truei","Peromyscus truei","Animalia","Chordata","Mammalia","Rodentia","Cricetidae","gbif","GBIF:2437985","AgeAtMaturity",50,"days","Female.maturity..days.","FemaleAgeAtMaturity","AnAge"
"Peromyscus truei","Peromyscus","truei","Peromyscus truei","Animalia","Chordata","Mammalia","Rodentia","Cricetidae","gbif","GBIF:2437985","AgeAtMaturity",42.46,"days","female_maturity_d","FemaleAgeAtMaturity","Amniota"
"Phrynosoma douglasii","Phrynosoma","douglasii","Phrynosoma douglasii","Animalia","Chordata","Squamata",NA,"Phrynosomatidae","gbif","GBIF:2451089","AgeAtMaturity",24,"months","youngest.age.at.first.breeding..months.","oldest.age.at.first.breeding..months.",""
"Phrynosoma douglasii","Phrynosoma","douglasii","Phrynosoma douglasii","Animalia","Chordata","Squamata",NA,"Phrynosomatidae","gbif","GBIF:2451089","AgeAtMaturity",24,"months","oldest.age.at.first.breeding..months.","MinAgeAtMaturity",""
"Pipilo chlorurus","Pipilo","chlorurus","Pipilo chlorurus","Animalia","Chordata","Aves","Passeriformes","Emberizidae","gbif","GBIF:2491276","AgeAtMaturity",365,"days","Male.maturity..days.","MaleAgeAtMaturity","AnAge"
"Pipilo chlorurus","Pipilo","chlorurus","Pipilo chlorurus","Animalia","Chordata","Aves","Passeriformes","Emberizidae","gbif","GBIF:2491276","AgeAtMaturity",365,"days","Female.maturity..days.","FemaleAgeAtMaturity","AnAge"
"Pipilo chlorurus","Pipilo","chlorurus","Pipilo chlorurus","Animalia","Chordata","Aves","Passeriformes","Emberizidae","gbif","GBIF:2491276","AgeAtMaturity",365,"days","female_maturity_d","FemaleAgeAtMaturity","Amniota"
"Pipilo chlorurus","Pipilo","chlorurus","Pipilo chlorurus","Animalia","Chordata","Aves","Passeriformes","Emberizidae","gbif","GBIF:2491276","AgeAtMaturity",365,"days","male_maturity_d","FemaleAgeAtMaturity","Amniota"
"Piranga rubra","Piranga","rubra","Piranga rubra","Animalia","Chordata","Aves","Passeriformes","Cardinalidae","gbif","GBIF:2488485","AgeAtMaturity",365,"days","Male.maturity..days.","MaleAgeAtMaturity","AnAge"
"Piranga rubra","Piranga","rubra","Piranga rubra","Animalia","Chordata","Aves","Passeriformes","Cardinalidae","gbif","GBIF:2488485","AgeAtMaturity",365,"days","Female.maturity..days.","FemaleAgeAtMaturity","AnAge"
"Piranga rubra","Piranga","rubra","Piranga rubra","Animalia","Chordata","Aves","Passeriformes","Cardinalidae","gbif","GBIF:2488485","AgeAtMaturity",365.125,"days","female_maturity_d","FemaleAgeAtMaturity","Amniota"
"Piranga rubra","Piranga","rubra","Piranga rubra","Animalia","Chordata","Aves","Passeriformes","Cardinalidae","gbif","GBIF:2488485","AgeAtMaturity",365,"days","male_maturity_d","FemaleAgeAtMaturity","Amniota"
"Plestiodon laticeps","Plestiodon","laticeps","Plestiodon laticeps","Animalia","Chordata","Squamata",NA,"Scincidae","gbif","GBIF:5789628","AgeAtMaturity",12,"months","youngest.age.at.first.breeding..months.","oldest.age.at.first.breeding..months.",""
"Plestiodon laticeps","Plestiodon","laticeps","Plestiodon laticeps","Animalia","Chordata","Squamata",NA,"Scincidae","gbif","GBIF:5789628","AgeAtMaturity",21,"months","oldest.age.at.first.breeding..months.","MinAgeAtMaturity",""
"Plestiodon anthracinus","Plestiodon","anthracinus","Plestiodon anthracinus","Animalia","Chordata","Squamata",NA,"Scincidae","gbif","GBIF:4287450","AgeAtMaturity",12,"months","youngest.age.at.first.breeding..months.","oldest.age.at.first.breeding..months.",""
"Plestiodon anthracinus","Plestiodon","anthracinus","Plestiodon anthracinus","Animalia","Chordata","Squamata",NA,"Scincidae","gbif","GBIF:4287450","AgeAtMaturity",24,"months","oldest.age.at.first.breeding..months.","MinAgeAtMaturity",""
"Plethodon cylindraceus","Plethodon","cylindraceus","Plethodon cylindraceus","Animalia","Chordata","Amphibia","Caudata","Plethodontidae","gbif","GBIF:2431489",NA,NA,NA,NA,NA,NA
"Plethodon dorsalis","Plethodon","dorsalis","Plethodon dorsalis","Animalia","Chordata","Amphibia","Caudata","Plethodontidae","gbif","GBIF:2431480",NA,NA,NA,NA,NA,NA
"Plethodon dunni","Plethodon","dunni","Plethodon dunni","Animalia","Chordata","Amphibia","Caudata","Plethodontidae","gbif","GBIF:2431542","AgeAtMaturity",2,"years","Age_at_maturity_min_y","MinAgeAtMaturity","Amphibio"
"Plethodon dunni","Plethodon","dunni","Plethodon dunni","Animalia","Chordata","Amphibia","Caudata","Plethodontidae","gbif","GBIF:2431542","AgeAtMaturity",4,"years","Age_at_maturity_max_y","MaxAgeAtMaturity","Amphibio"
"Plethodon dunni","Plethodon","dunni","Plethodon dunni","Animalia","Chordata","Amphibia","Caudata","Plethodontidae","gbif","GBIF:2431542","AgeAtMaturity",1095,"days","Male.maturity..days.","MaleAgeAtMaturity","AnAge"
"Plethodon dunni","Plethodon","dunni","Plethodon dunni","Animalia","Chordata","Amphibia","Caudata","Plethodontidae","gbif","GBIF:2431542","AgeAtMaturity",1095,"days","Female.maturity..days.","FemaleAgeAtMaturity","AnAge"
"Plethodon electromorphus","Plethodon","electromorphus","Plethodon electromorphus","Animalia","Chordata","Amphibia","Caudata","Plethodontidae","gbif","GBIF:2431543",NA,NA,NA,NA,NA,NA
"Plethodon glutinosus","Plethodon","glutinosus","Plethodon glutinosus","Animalia","Chordata","Amphibia","Caudata","Plethodontidae","gbif","GBIF:2431539","AgeAtMaturity",2.5,"years","Age_at_maturity_min_y","MinAgeAtMaturity","Amphibio"
"Plethodon glutinosus","Plethodon","glutinosus","Plethodon glutinosus","Animalia","Chordata","Amphibia","Caudata","Plethodontidae","gbif","GBIF:2431539","AgeAtMaturity",2.5,"years","Age_at_maturity_max_y","MaxAgeAtMaturity","Amphibio"
"Plethodon glutinosus","Plethodon","glutinosus","Plethodon glutinosus","Animalia","Chordata","Amphibia","Caudata","Plethodontidae","gbif","GBIF:2431539","AgeAtMaturity",910,"days","Male.maturity..days.","MaleAgeAtMaturity","AnAge"
"Plethodon glutinosus","Plethodon","glutinosus","Plethodon glutinosus","Animalia","Chordata","Amphibia","Caudata","Plethodontidae","gbif","GBIF:2431539","AgeAtMaturity",910,"days","Female.maturity..days.","FemaleAgeAtMaturity","AnAge"
"Plethodon kentucki","Plethodon","kentucki","Plethodon kentucki","Animalia","Chordata","Amphibia","Caudata","Plethodontidae","gbif","GBIF:2431518","AgeAtMaturity",4.5,"years","Age_at_maturity_min_y","MinAgeAtMaturity","Amphibio"
"Plethodon kentucki","Plethodon","kentucki","Plethodon kentucki","Animalia","Chordata","Amphibia","Caudata","Plethodontidae","gbif","GBIF:2431518","AgeAtMaturity",5,"years","Age_at_maturity_max_y","MaxAgeAtMaturity","Amphibio"
"Plethodon richmondi","Plethodon","richmondi","Plethodon richmondi","Animalia","Chordata","Amphibia","Caudata","Plethodontidae","gbif","GBIF:2431521","AgeAtMaturity",3,"years","Age_at_maturity_min_y","MinAgeAtMaturity","Amphibio"
"Plethodon richmondi","Plethodon","richmondi","Plethodon richmondi","Animalia","Chordata","Amphibia","Caudata","Plethodontidae","gbif","GBIF:2431521","AgeAtMaturity",3,"years","Age_at_maturity_max_y","MaxAgeAtMaturity","Amphibio"
"Poecile carolinensis","Poecile","carolinensis","Poecile carolinensis","Animalia","Chordata","Aves","Passeriformes","Paridae","gbif","GBIF:2487844","AgeAtMaturity",365,"days","Male.maturity..days.","MaleAgeAtMaturity","AnAge"
"Poecile carolinensis","Poecile","carolinensis","Poecile carolinensis","Animalia","Chordata","Aves","Passeriformes","Paridae","gbif","GBIF:2487844","AgeAtMaturity",365,"days","Female.maturity..days.","FemaleAgeAtMaturity","AnAge"
"Poecile carolinensis","Poecile","carolinensis","Poecile carolinensis","Animalia","Chordata","Aves","Passeriformes","Paridae","gbif","GBIF:2487844","AgeAtMaturity",364.234,"days","female_maturity_d","FemaleAgeAtMaturity","Amniota"
"Poecile carolinensis","Poecile","carolinensis","Poecile carolinensis","Animalia","Chordata","Aves","Passeriformes","Paridae","gbif","GBIF:2487844","AgeAtMaturity",365,"days","male_maturity_d","FemaleAgeAtMaturity","Amniota"
"Pseudacris brachyphona","Pseudacris","brachyphona","Pseudacris brachyphona","Animalia","Chordata","Amphibia","Anura","Hylidae","gbif","GBIF:2428144",NA,NA,NA,NA,NA,NA
"Pseudacris feriarum","Pseudacris","feriarum","Pseudacris feriarum","Animalia","Chordata","Amphibia","Anura","Hylidae","gbif","GBIF:2428152","AgeAtMaturity",1,"years","Age_at_maturity_min_y","MinAgeAtMaturity","Amphibio"
"Pseudacris feriarum","Pseudacris","feriarum","Pseudacris feriarum","Animalia","Chordata","Amphibia","Anura","Hylidae","gbif","GBIF:2428152","AgeAtMaturity",2,"years","Age_at_maturity_max_y","MaxAgeAtMaturity","Amphibio"
"Pseudacris kalmi","Pseudacris","kalmi","Pseudacris kalmi","Animalia","Chordata","Amphibia","Anura","Hylidae","gbif","GBIF:2428125",NA,NA,NA,NA,NA,NA
"Pseudotriton montanus","Pseudotriton","montanus","Pseudotriton montanus","Animalia","Chordata","Amphibia","Caudata","Plethodontidae","gbif","GBIF:2431466","AgeAtMaturity",3,"years","Age_at_maturity_min_y","MinAgeAtMaturity","Amphibio"
"Pseudotriton montanus","Pseudotriton","montanus","Pseudotriton montanus","Animalia","Chordata","Amphibia","Caudata","Plethodontidae","gbif","GBIF:2431466","AgeAtMaturity",4.5,"years","Age_at_maturity_max_y","MaxAgeAtMaturity","Amphibio"
"Pseudotriton montanus","Pseudotriton","montanus","Pseudotriton montanus","Animalia","Chordata","Amphibia","Caudata","Plethodontidae","gbif","GBIF:2431466","AgeAtMaturity",1095,"days","Male.maturity..days.","MaleAgeAtMaturity","AnAge"
"Pseudotriton montanus","Pseudotriton","montanus","Pseudotriton montanus","Animalia","Chordata","Amphibia","Caudata","Plethodontidae","gbif","GBIF:2431466","AgeAtMaturity",1643,"days","Female.maturity..days.","FemaleAgeAtMaturity","AnAge"
"Rallus crepitans","Rallus","crepitans","Rallus crepitans","Animalia","Chordata","Aves","Gruiformes","Rallidae","gbif","GBIF:7751637",NA,NA,NA,NA,NA,NA
"Rana boylii","Rana","boylii","Rana boylii","Animalia","Chordata","Amphibia","Anura","Ranidae","gbif","GBIF:2426814",NA,NA,NA,NA,NA,NA
"Rana cascadae","Rana","cascadae","Rana cascadae","Animalia","Chordata","Amphibia","Anura","Ranidae","gbif","GBIF:2426771","AgeAtMaturity",2,"years","Age_at_maturity_min_y","MinAgeAtMaturity","Amphibio"
"Rana cascadae","Rana","cascadae","Rana cascadae","Animalia","Chordata","Amphibia","Anura","Ranidae","gbif","GBIF:2426771","AgeAtMaturity",4,"years","Age_at_maturity_max_y","MaxAgeAtMaturity","Amphibio"
"Regina grahamii","Regina","grahamii","Regina grahamii","Animalia","Chordata","Squamata",NA,"Colubridae","gbif","GBIF:5222697","AgeAtMaturity",1095.72,"days","female_maturity_d","FemaleAgeAtMaturity","Amniota"
"Regina grahamii","Regina","grahamii","Regina grahamii","Animalia","Chordata","Squamata",NA,"Colubridae","gbif","GBIF:5222697","AgeAtMaturity",365.24,"days","male_maturity_d","FemaleAgeAtMaturity","Amniota"
"Reithrodontomys montanus","Reithrodontomys","montanus","Reithrodontomys montanus","Animalia","Chordata","Mammalia","Rodentia","Cricetidae","gbif","GBIF:2437866","AgeAtMaturity",61.87,"days","SexualMaturityAge_d","AgeAtMaturity","Pantheria - 2005"
"Reithrodontomys montanus","Reithrodontomys","montanus","Reithrodontomys montanus","Animalia","Chordata","Mammalia","Rodentia","Cricetidae","gbif","GBIF:2437866","GenerationLength",202.795,"days","GenerationLength_d","GenerationLength","Pacifici et al. 2014"
"Reithrodontomys montanus","Reithrodontomys","montanus","Reithrodontomys montanus","Animalia","Chordata","Mammalia","Rodentia","Cricetidae","gbif","GBIF:2437866","AgeAtMaturity",68.37128,"days","female_maturity_d","FemaleAgeAtMaturity","Amniota"
"Reithrodontomys humulis","Reithrodontomys","humulis","Reithrodontomys humulis","Animalia","Chordata","Mammalia","Rodentia","Cricetidae","gbif","GBIF:2437865","AgeAtMaturity",44.65,"days","SexualMaturityAge_d","AgeAtMaturity","Pantheria - 2005"
"Reithrodontomys humulis","Reithrodontomys","humulis","Reithrodontomys humulis","Animalia","Chordata","Mammalia","Rodentia","Cricetidae","gbif","GBIF:2437865","GenerationLength",297.4414083,"days","GenerationLength_d","GenerationLength","Pacifici et al. 2014"
"Reithrodontomys humulis","Reithrodontomys","humulis","Reithrodontomys humulis","Animalia","Chordata","Mammalia","Rodentia","Cricetidae","gbif","GBIF:2437865","AgeAtMaturity",105,"days","Female.maturity..days.","FemaleAgeAtMaturity","AnAge"
"Reithrodontomys humulis","Reithrodontomys","humulis","Reithrodontomys humulis","Animalia","Chordata","Mammalia","Rodentia","Cricetidae","gbif","GBIF:2437865","AgeAtMaturity",74.67492,"days","female_maturity_d","FemaleAgeAtMaturity","Amniota"
"Sayornis nigricans","Sayornis","nigricans","Sayornis nigricans","Animalia","Chordata","Aves","Passeriformes","Tyrannidae","gbif","GBIF:2483612","AgeAtMaturity",364.359,"days","female_maturity_d","FemaleAgeAtMaturity","Amniota"
"Scaphiopus holbrookii","Scaphiopus","holbrookii","Scaphiopus holbrookii","Animalia","Chordata","Amphibia","Anura","Scaphiopodidae","gbif","GBIF:2429796","AgeAtMaturity",2.1,"years","Age_at_maturity_min_y","MinAgeAtMaturity","Amphibio"
"Scaphiopus holbrookii","Scaphiopus","holbrookii","Scaphiopus holbrookii","Animalia","Chordata","Amphibia","Anura","Scaphiopodidae","gbif","GBIF:2429796","AgeAtMaturity",2.4,"years","Age_at_maturity_max_y","MaxAgeAtMaturity","Amphibio"
"Scaphiopus holbrookii","Scaphiopus","holbrookii","Scaphiopus holbrookii","Animalia","Chordata","Amphibia","Anura","Scaphiopodidae","gbif","GBIF:2429796","AgeAtMaturity",730,"days","Male.maturity..days.","MaleAgeAtMaturity","AnAge"
"Scaphiopus holbrookii","Scaphiopus","holbrookii","Scaphiopus holbrookii","Animalia","Chordata","Amphibia","Anura","Scaphiopodidae","gbif","GBIF:2429796","AgeAtMaturity",730,"days","Female.maturity..days.","FemaleAgeAtMaturity","AnAge"
"Sceloporus occidentalis","Sceloporus","occidentalis","Sceloporus occidentalis","Animalia","Chordata","Squamata",NA,"Phrynosomatidae","gbif","GBIF:2451234","AgeAtMaturity",18,"months","youngest.age.at.first.breeding..months.","oldest.age.at.first.breeding..months.",""
"Sceloporus occidentalis","Sceloporus","occidentalis","Sceloporus occidentalis","Animalia","Chordata","Squamata",NA,"Phrynosomatidae","gbif","GBIF:2451234","AgeAtMaturity",22,"months","oldest.age.at.first.breeding..months.","MinAgeAtMaturity",""
"Sceloporus undulatus","Sceloporus","undulatus","Sceloporus undulatus","Animalia","Chordata","Squamata",NA,"Phrynosomatidae","gbif","GBIF:2451347","AgeAtMaturity",9.5,"months","youngest.age.at.first.breeding..months.","oldest.age.at.first.breeding..months.",""
"Sceloporus undulatus","Sceloporus","undulatus","Sceloporus undulatus","Animalia","Chordata","Squamata",NA,"Phrynosomatidae","gbif","GBIF:2451347","AgeAtMaturity",24,"months","oldest.age.at.first.breeding..months.","MinAgeAtMaturity",""
"Sceloporus undulatus","Sceloporus","undulatus","Sceloporus undulatus","Animalia","Chordata","Squamata",NA,"Phrynosomatidae","gbif","GBIF:2451347","AgeAtMaturity",1095,"days","Male.maturity..days.","MaleAgeAtMaturity","AnAge"
"Sceloporus undulatus","Sceloporus","undulatus","Sceloporus undulatus","Animalia","Chordata","Squamata",NA,"Phrynosomatidae","gbif","GBIF:2451347","AgeAtMaturity",1095,"days","Female.maturity..days.","FemaleAgeAtMaturity","AnAge"
"Sceloporus graciosus","Sceloporus","graciosus","Sceloporus graciosus","Animalia","Chordata","Squamata",NA,"Phrynosomatidae","gbif","GBIF:2451223","AgeAtMaturity",12,"months","youngest.age.at.first.breeding..months.","oldest.age.at.first.breeding..months.",""
"Sceloporus graciosus","Sceloporus","graciosus","Sceloporus graciosus","Animalia","Chordata","Squamata",NA,"Phrynosomatidae","gbif","GBIF:2451223","AgeAtMaturity",25,"months","oldest.age.at.first.breeding..months.","MinAgeAtMaturity",""
"Scincella lateralis","Scincella","lateralis","Scincella lateralis","Animalia","Chordata","Squamata",NA,"Scincidae","gbif","GBIF:2461434","AgeAtMaturity",9,"months","youngest.age.at.first.breeding..months.","oldest.age.at.first.breeding..months.",""
"Scincella lateralis","Scincella","lateralis","Scincella lateralis","Animalia","Chordata","Squamata",NA,"Scincidae","gbif","GBIF:2461434","AgeAtMaturity",12,"months","oldest.age.at.first.breeding..months.","MinAgeAtMaturity",""
"Sciurus griseus","Sciurus","griseus","Sciurus griseus","Animalia","Chordata","Mammalia","Rodentia","Sciuridae","gbif","GBIF:5219672","AgeAtMaturity",330.37,"days","SexualMaturityAge_d","AgeAtMaturity","Pantheria - 2005"
"Sciurus griseus","Sciurus","griseus","Sciurus griseus","Animalia","Chordata","Mammalia","Rodentia","Sciuridae","gbif","GBIF:5219672","GenerationLength",2122.200833,"days","GenerationLength_d","GenerationLength","Pacifici et al. 2014"
"Sciurus griseus","Sciurus","griseus","Sciurus griseus","Animalia","Chordata","Mammalia","Rodentia","Sciuridae","gbif","GBIF:5219672","AgeAtMaturity",319,"days","Female.maturity..days.","FemaleAgeAtMaturity","AnAge"
"Sciurus griseus","Sciurus","griseus","Sciurus griseus","Animalia","Chordata","Mammalia","Rodentia","Sciuridae","gbif","GBIF:5219672","AgeAtMaturity",324.974,"days","female_maturity_d","FemaleAgeAtMaturity","Amniota"
"Setophaga dominica","Setophaga","dominica","Setophaga dominica","Animalia","Chordata","Aves","Passeriformes","Parulidae","gbif","GBIF:7341800","AgeAtMaturity",365,"days","Male.maturity..days.","MaleAgeAtMaturity","AnAge"
"Setophaga dominica","Setophaga","dominica","Setophaga dominica","Animalia","Chordata","Aves","Passeriformes","Parulidae","gbif","GBIF:7341800","AgeAtMaturity",365,"days","Female.maturity..days.","FemaleAgeAtMaturity","AnAge"
"Setophaga dominica","Setophaga","dominica","Setophaga dominica","Animalia","Chordata","Aves","Passeriformes","Parulidae","gbif","GBIF:7341800","AgeAtMaturity",365,"days","female_maturity_d","FemaleAgeAtMaturity","Amniota"
"Setophaga dominica","Setophaga","dominica","Setophaga dominica","Animalia","Chordata","Aves","Passeriformes","Parulidae","gbif","GBIF:7341800","AgeAtMaturity",365,"days","male_maturity_d","FemaleAgeAtMaturity","Amniota"
"Setophaga occidentalis","Setophaga","occidentalis","Setophaga occidentalis","Animalia","Chordata","Aves","Passeriformes","Parulidae","gbif","GBIF:6092644","AgeAtMaturity",365,"days","Male.maturity..days.","MaleAgeAtMaturity","AnAge"
"Setophaga occidentalis","Setophaga","occidentalis","Setophaga occidentalis","Animalia","Chordata","Aves","Passeriformes","Parulidae","gbif","GBIF:6092644","AgeAtMaturity",365,"days","Female.maturity..days.","FemaleAgeAtMaturity","AnAge"
"Setophaga occidentalis","Setophaga","occidentalis","Setophaga occidentalis","Animalia","Chordata","Aves","Passeriformes","Parulidae","gbif","GBIF:6092644","AgeAtMaturity",365,"days","female_maturity_d","FemaleAgeAtMaturity","Amniota"
"Setophaga occidentalis","Setophaga","occidentalis","Setophaga occidentalis","Animalia","Chordata","Aves","Passeriformes","Parulidae","gbif","GBIF:6092644","AgeAtMaturity",365,"days","male_maturity_d","FemaleAgeAtMaturity","Amniota"
"Siren intermedia","Siren","intermedia","Siren intermedia","Animalia","Chordata","Amphibia","Caudata","Sirenidae","gbif","GBIF:2432063","AgeAtMaturity",2,"years","Age_at_maturity_min_y","MinAgeAtMaturity","Amphibio"
"Siren intermedia","Siren","intermedia","Siren intermedia","Animalia","Chordata","Amphibia","Caudata","Sirenidae","gbif","GBIF:2432063","AgeAtMaturity",2,"years","Age_at_maturity_max_y","MaxAgeAtMaturity","Amphibio"
"Siren intermedia","Siren","intermedia","Siren intermedia","Animalia","Chordata","Amphibia","Caudata","Sirenidae","gbif","GBIF:2432063","AgeAtMaturity",730,"days","Male.maturity..days.","MaleAgeAtMaturity","AnAge"
"Siren intermedia","Siren","intermedia","Siren intermedia","Animalia","Chordata","Amphibia","Caudata","Sirenidae","gbif","GBIF:2432063","AgeAtMaturity",730,"days","Female.maturity..days.","FemaleAgeAtMaturity","AnAge"
"Sorex longirostris","Sorex","longirostris","Sorex longirostris","Animalia","Chordata","Mammalia","Soricomorpha","Soricidae","gbif","GBIF:2435976","AgeAtMaturity",120.7,"days","SexualMaturityAge_d","AgeAtMaturity","Pantheria - 2005"
"Sorex longirostris","Sorex","longirostris","Sorex longirostris","Animalia","Chordata","Mammalia","Soricomorpha","Soricidae","gbif","GBIF:2435976","GenerationLength",422.8845979,"days","GenerationLength_d","GenerationLength","Pacifici et al. 2014"
"Sorex longirostris","Sorex","longirostris","Sorex longirostris","Animalia","Chordata","Mammalia","Soricomorpha","Soricidae","gbif","GBIF:2435976","AgeAtMaturity",120.7,"days","female_maturity_d","FemaleAgeAtMaturity","Amniota"
"Sorex merriami","Sorex","merriami","Sorex merriami","Animalia","Chordata","Mammalia","Soricomorpha","Soricidae","gbif","GBIF:2435989","GenerationLength",422.8845979,"days","GenerationLength_d","GenerationLength","Pacifici et al. 2014"
"Sorex nanus","Sorex","nanus","Sorex nanus","Animalia","Chordata","Mammalia","Soricomorpha","Soricidae","gbif","GBIF:2436108","GenerationLength",422.8845979,"days","GenerationLength_d","GenerationLength","Pacifici et al. 2014"
"Sorex sonomae","Sorex","sonomae","Sorex sonomae","Animalia","Chordata","Mammalia","Soricomorpha","Soricidae","gbif","GBIF:2436110","GenerationLength",422.8845979,"days","GenerationLength_d","GenerationLength","Pacifici et al. 2014"
"Sorex sonomae","Sorex","sonomae","Sorex sonomae","Animalia","Chordata","Mammalia","Soricomorpha","Soricidae","gbif","GBIF:2436110","AgeAtMaturity",417.36,"days","female_maturity_d","FemaleAgeAtMaturity","Amniota"
"Spinus psaltria","Spinus","psaltria","Spinus psaltria","Animalia","Chordata","Aves","Passeriformes","Fringillidae","gbif","GBIF:5231647",NA,NA,NA,NA,NA,NA
"Sylvilagus transitionalis","Sylvilagus","transitionalis","Sylvilagus transitionalis","Animalia","Chordata","Mammalia","Lagomorpha","Leporidae","gbif","GBIF:2436905","GenerationLength",1089.485,"days","GenerationLength_d","GenerationLength","Pacifici et al. 2014"
"Sylvilagus transitionalis","Sylvilagus","transitionalis","Sylvilagus transitionalis","Animalia","Chordata","Mammalia","Lagomorpha","Leporidae","gbif","GBIF:2436905","AgeAtMaturity",120,"days","Female.maturity..days.","FemaleAgeAtMaturity","AnAge"
"Sylvilagus transitionalis","Sylvilagus","transitionalis","Sylvilagus transitionalis","Animalia","Chordata","Mammalia","Lagomorpha","Leporidae","gbif","GBIF:2436905","AgeAtMaturity",121.76328,"days","female_maturity_d","FemaleAgeAtMaturity","Amniota"
"Sylvilagus audubonii","Sylvilagus","audubonii","Sylvilagus audubonii","Animalia","Chordata","Mammalia","Lagomorpha","Leporidae","gbif","GBIF:2436910","AgeAtMaturity",90.7,"days","SexualMaturityAge_d","AgeAtMaturity","Pantheria - 2005"
"Sylvilagus audubonii","Sylvilagus","audubonii","Sylvilagus audubonii","Animalia","Chordata","Mammalia","Lagomorpha","Leporidae","gbif","GBIF:2436910","GenerationLength",926.792,"days","GenerationLength_d","GenerationLength","Pacifici et al. 2014"
"Sylvilagus audubonii","Sylvilagus","audubonii","Sylvilagus audubonii","Animalia","Chordata","Mammalia","Lagomorpha","Leporidae","gbif","GBIF:2436910","AgeAtMaturity",107,"days","Male.maturity..days.","MaleAgeAtMaturity","AnAge"
"Sylvilagus audubonii","Sylvilagus","audubonii","Sylvilagus audubonii","Animalia","Chordata","Mammalia","Lagomorpha","Leporidae","gbif","GBIF:2436910","AgeAtMaturity",164,"days","Female.maturity..days.","FemaleAgeAtMaturity","AnAge"
"Sylvilagus audubonii","Sylvilagus","audubonii","Sylvilagus audubonii","Animalia","Chordata","Mammalia","Lagomorpha","Leporidae","gbif","GBIF:2436910","AgeAtMaturity",164,"days","female_maturity_d","FemaleAgeAtMaturity","Amniota"
"Sylvilagus audubonii","Sylvilagus","audubonii","Sylvilagus audubonii","Animalia","Chordata","Mammalia","Lagomorpha","Leporidae","gbif","GBIF:2436910","AgeAtMaturity",107,"days","male_maturity_d","FemaleAgeAtMaturity","Amniota"
"Sylvilagus bachmani","Sylvilagus","bachmani","Sylvilagus bachmani","Animalia","Chordata","Mammalia","Lagomorpha","Leporidae","gbif","GBIF:2436846","GenerationLength",969.8600667,"days","GenerationLength_d","GenerationLength","Pacifici et al. 2014"
"Sylvilagus bachmani","Sylvilagus","bachmani","Sylvilagus bachmani","Animalia","Chordata","Mammalia","Lagomorpha","Leporidae","gbif","GBIF:2436846","AgeAtMaturity",154,"days","Female.maturity..days.","FemaleAgeAtMaturity","AnAge"
"Sylvilagus bachmani","Sylvilagus","bachmani","Sylvilagus bachmani","Animalia","Chordata","Mammalia","Lagomorpha","Leporidae","gbif","GBIF:2436846","AgeAtMaturity",154.31052,"days","female_maturity_d","FemaleAgeAtMaturity","Amniota"
"Tadarida brasiliensis","Tadarida","brasiliensis","Tadarida brasiliensis","Animalia","Chordata","Mammalia","Chiroptera","Molossidae","gbif","GBIF:2433011","AgeAtMaturity",400.26,"days","SexualMaturityAge_d","AgeAtMaturity","Pantheria - 2005"
"Tadarida brasiliensis","Tadarida","brasiliensis","Tadarida brasiliensis","Animalia","Chordata","Mammalia","Chiroptera","Molossidae","gbif","GBIF:2433011","GenerationLength",1821.51315,"days","GenerationLength_d","GenerationLength","Pacifici et al. 2014"
"Tadarida brasiliensis","Tadarida","brasiliensis","Tadarida brasiliensis","Animalia","Chordata","Mammalia","Chiroptera","Molossidae","gbif","GBIF:2433011","AgeAtMaturity",547,"days","Male.maturity..days.","MaleAgeAtMaturity","AnAge"
"Tadarida brasiliensis","Tadarida","brasiliensis","Tadarida brasiliensis","Animalia","Chordata","Mammalia","Chiroptera","Molossidae","gbif","GBIF:2433011","AgeAtMaturity",273,"days","Female.maturity..days.","FemaleAgeAtMaturity","AnAge"
"Tadarida brasiliensis","Tadarida","brasiliensis","Tadarida brasiliensis","Animalia","Chordata","Mammalia","Chiroptera","Molossidae","gbif","GBIF:2433011","AgeAtMaturity",336.63,"days","female_maturity_d","FemaleAgeAtMaturity","Amniota"
"Tadarida brasiliensis","Tadarida","brasiliensis","Tadarida brasiliensis","Animalia","Chordata","Mammalia","Chiroptera","Molossidae","gbif","GBIF:2433011","AgeAtMaturity",547,"days","male_maturity_d","FemaleAgeAtMaturity","Amniota"
"Thomomys idahoensis","Thomomys","idahoensis","Thomomys idahoensis","Animalia","Chordata","Mammalia","Rodentia","Geomyidae","gbif","GBIF:2439384","GenerationLength",608.8612,"days","GenerationLength_d","GenerationLength","Pacifici et al. 2014"
"Thomomys idahoensis","Thomomys","idahoensis","Thomomys idahoensis","Animalia","Chordata","Mammalia","Rodentia","Geomyidae","gbif","GBIF:2439384","AgeAtMaturity",294.0206,"days","female_maturity_d","FemaleAgeAtMaturity","Amniota"
"Thomomys mazama","Thomomys","mazama","Thomomys mazama","Animalia","Chordata","Mammalia","Rodentia","Geomyidae","gbif","GBIF:2439389","GenerationLength",608.8612,"days","GenerationLength_d","GenerationLength","Pacifici et al. 2014"
"Thomomys mazama","Thomomys","mazama","Thomomys mazama","Animalia","Chordata","Mammalia","Rodentia","Geomyidae","gbif","GBIF:2439389","AgeAtMaturity",393.5,"days","female_maturity_d","FemaleAgeAtMaturity","Amniota"
"Tyrannus vociferans","Tyrannus","vociferans","Tyrannus vociferans","Animalia","Chordata","Aves","Passeriformes","Tyrannidae","gbif","GBIF:5229681",NA,NA,NA,NA,NA,NA
"Urocitellus elegans","Urocitellus","elegans","Urocitellus elegans","Animalia","Chordata","Mammalia","Rodentia","Sciuridae","gbif","GBIF:7404826",NA,NA,NA,NA,NA,NA
"Uta stansburiana","Uta","stansburiana","Uta stansburiana","Animalia","Chordata","Squamata",NA,"Phrynosomatidae","gbif","GBIF:2451029","AgeAtMaturity",9,"months","youngest.age.at.first.breeding..months.","oldest.age.at.first.breeding..months.",""
"Uta stansburiana","Uta","stansburiana","Uta stansburiana","Animalia","Chordata","Squamata",NA,"Phrynosomatidae","gbif","GBIF:2451029","AgeAtMaturity",12,"months","oldest.age.at.first.breeding..months.","MinAgeAtMaturity",""
"Vireo bellii","Vireo","bellii","Vireo bellii","Animalia","Chordata","Aves","Passeriformes","Vireonidae","gbif","GBIF:2487441","AgeAtMaturity",365,"days","Male.maturity..days.","MaleAgeAtMaturity","AnAge"
"Vireo bellii","Vireo","bellii","Vireo bellii","Animalia","Chordata","Aves","Passeriformes","Vireonidae","gbif","GBIF:2487441","AgeAtMaturity",365,"days","Female.maturity..days.","FemaleAgeAtMaturity","AnAge"
"Vireo bellii","Vireo","bellii","Vireo bellii","Animalia","Chordata","Aves","Passeriformes","Vireonidae","gbif","GBIF:2487441","AgeAtMaturity",364.234,"days","female_maturity_d","FemaleAgeAtMaturity","Amniota"
"Vireo bellii","Vireo","bellii","Vireo bellii","Animalia","Chordata","Aves","Passeriformes","Vireonidae","gbif","GBIF:2487441","AgeAtMaturity",365,"days","male_maturity_d","FemaleAgeAtMaturity","Amniota"
"Virginia valeriae","Virginia","valeriae","Virginia valeriae","Animalia","Chordata","Squamata",NA,"Colubridae","gbif","GBIF:5224262",NA,NA,NA,NA,NA,NA
