"","Species","kingdom","phylum","class","order","family","genus","species"
"1","Acris gryllus","Animalia","Chordata","Amphibia","Anura","Hylidae","Acris","Acris gryllus"
"3","Agkistrodon contortrix","Animalia","Chordata","Reptilia","Squamata","Viperidae","Agkistrodon","Agkistrodon contortrix"
"4","Agkistrodon piscivorus","Animalia","Chordata","Reptilia","Squamata","Viperidae","Agkistrodon","Agkistrodon piscivorus"
"5","Alligator mississippiensis","Animalia","Chordata","Reptilia","Crocodilia","Alligatoridae","Alligator","Alligator mississippiensis"
"6","Ambystoma barbouri","Animalia","Chordata","Amphibia","Caudata","Ambystomatidae","Ambystoma","Ambystoma barbouri"
"8","Ambystoma opacum","Animalia","Chordata","Amphibia","Caudata","Ambystomatidae","Ambystoma","Ambystoma opacum"
"9","Ambystoma talpoideum","Animalia","Chordata","Amphibia","Caudata","Ambystomatidae","Ambystoma","Ambystoma talpoideum"
"11","Ammospermophilus leucurus","Animalia","Chordata","Mammalia","Rodentia","Sciuridae","Ammospermophilus","Ammospermophilus leucurus"
"12","Ammospiza maritima","Animalia","Chordata","Aves","Passeriformes","Passerellidae","Ammospiza","Ammospiza maritima"
"13","Amphispiza bilineata","Animalia","Chordata","Aves","Passeriformes","Passerellidae","Amphispiza","Amphispiza bilineata"
"14","Amphiuma means","Animalia","Chordata","Amphibia","Caudata","Amphiumidae","Amphiuma","Amphiuma means"
"15","Amphiuma tridactylum","Animalia","Chordata","Amphibia","Caudata","Amphiumidae","Amphiuma","Amphiuma tridactylum"
"17","Anaxyrus quercicus","Animalia","Chordata","Amphibia","Anura","Bufonidae","Anaxyrus","Anaxyrus quercicus"
"18","Anaxyrus terrestris","Animalia","Chordata","Amphibia","Anura","Bufonidae","Anaxyrus","Anaxyrus terrestris"
"19","Anaxyrus woodhousii","Animalia","Chordata","Amphibia","Anura","Bufonidae","Anaxyrus","Anaxyrus woodhousii"
"20","Aneides ferreus","Animalia","Chordata","Amphibia","Caudata","Plethodontidae","Aneides","Aneides ferreus"
"21","Aneides flavipunctatus","Animalia","Chordata","Amphibia","Caudata","Plethodontidae","Aneides","Aneides flavipunctatus"
"23","Anolis carolinensis","Animalia","Chordata","Reptilia","Squamata","Dactyloidae","Anolis","Anolis carolinensis"
"25","Aphelocoma californica","Animalia","Chordata","Aves","Passeriformes","Corvidae","Aphelocoma","Aphelocoma californica"
"26","Arborimus albipes","Animalia","Chordata","Mammalia","Rodentia","Cricetidae","Arborimus","Arborimus albipes"
"27","Arborimus longicaudus","Animalia","Chordata","Mammalia","Rodentia","Cricetidae","Arborimus","Arborimus longicaudus"
"29","Artemisiospiza nevadensis","Animalia","Chordata","Aves","Passeriformes","Passerellidae","Artemisiospiza","Artemisiospiza nevadensis"
"30","Aspidoscelis sexlineata","Animalia","Chordata","Reptilia","Squamata","Teiidae","Aspidoscelis","Aspidoscelis sexlineata"
"31","Aspidoscelis tigris","Animalia","Chordata","Reptilia","Squamata","Teiidae","Aspidoscelis","Aspidoscelis tigris"
"32","Baeolophus inornatus","Animalia","Chordata","Aves","Passeriformes","Paridae","Baeolophus","Baeolophus inornatus"
"33","Baeolophus ridgwayi","Animalia","Chordata","Aves","Passeriformes","Paridae","Baeolophus","Baeolophus ridgwayi"
"34","Bassariscus astutus","Animalia","Chordata","Mammalia","Carnivora","Procyonidae","Bassariscus","Bassariscus astutus"
"35","Batrachoseps attenuatus","Animalia","Chordata","Amphibia","Caudata","Plethodontidae","Batrachoseps","Batrachoseps attenuatus"
"36","Batrachoseps wrighti","Animalia","Chordata","Amphibia","Caudata","Plethodontidae","Batrachoseps","Batrachoseps wrighti"
"37","Blarina carolinensis","Animalia","Chordata","Mammalia","Soricomorpha","Soricidae","Blarina","Blarina carolinensis"
"38","Blarina hylophaga","Animalia","Chordata","Mammalia","Soricomorpha","Soricidae","Blarina","Blarina hylophaga"
"42","Carphophis amoenus","Animalia","Chordata","Reptilia","Squamata","Colubridae","Carphophis","Carphophis amoenus"
"43","Carphophis vermis","Animalia","Chordata","Reptilia","Squamata","Colubridae","Carphophis","Carphophis vermis"
"45","Cemophora coccinea","Animalia","Chordata","Reptilia","Squamata","Colubridae","Cemophora","Cemophora coccinea"
"46","Chaetodipus hispidus","Animalia","Chordata","Mammalia","Rodentia","Heteromyidae","Chaetodipus","Chaetodipus hispidus"
"47","Chamaea fasciata","Animalia","Chordata","Aves","Passeriformes","Sylviidae","Chamaea","Chamaea fasciata"
"50","Contia longicauda","Animalia","Chordata","Reptilia","Squamata","Colubridae","Contia","Contia longicauda"
"52","Corvus ossifragus","Animalia","Chordata","Aves","Passeriformes","Corvidae","Corvus","Corvus ossifragus"
"53","Corynorhinus rafinesquii","Animalia","Chordata","Mammalia","Chiroptera","Vespertilionidae","Corynorhinus","Corynorhinus rafinesquii"
"54","Crotalus horridus","Animalia","Chordata","Reptilia","Squamata","Viperidae","Crotalus","Crotalus horridus"
"55","Crotaphytus bicinctores","Animalia","Chordata","Reptilia","Squamata","Crotaphytidae","Crotaphytus","Crotaphytus bicinctores"
"56","Cryptobranchus alleganiensis","Animalia","Chordata","Amphibia","Caudata","Cryptobranchidae","Cryptobranchus","Cryptobranchus alleganiensis"
"57","Cynomys leucurus","Animalia","Chordata","Mammalia","Rodentia","Sciuridae","Cynomys","Cynomys leucurus"
"58","Dasypus novemcinctus","Animalia","Chordata","Mammalia","Cingulata","Dasypodidae","Dasypus","Dasypus novemcinctus"
"59","Desmognathus abditus","Animalia","Chordata","Amphibia","Caudata","Plethodontidae","Desmognathus","Desmognathus abditus"
"60","Desmognathus aeneus","Animalia","Chordata","Amphibia","Caudata","Plethodontidae","Desmognathus","Desmognathus aeneus"
"61","Desmognathus auriculatus","Animalia","Chordata","Amphibia","Caudata","Plethodontidae","Desmognathus","Desmognathus auriculatus"
"62","Desmognathus carolinensis","Animalia","Chordata","Amphibia","Caudata","Plethodontidae","Desmognathus","Desmognathus carolinensis"
"64","Desmognathus marmoratus","Animalia","Chordata","Amphibia","Caudata","Plethodontidae","Desmognathus","Desmognathus marmoratus"
"65","Desmognathus monticola","Animalia","Chordata","Amphibia","Caudata","Plethodontidae","Desmognathus","Desmognathus monticola"
"67","Desmognathus ocoee","Animalia","Chordata","Amphibia","Caudata","Plethodontidae","Desmognathus","Desmognathus ocoee"
"68","Desmognathus orestes","Animalia","Chordata","Amphibia","Caudata","Plethodontidae","Desmognathus","Desmognathus orestes"
"69","Desmognathus quadramaculatus","Animalia","Chordata","Amphibia","Caudata","Plethodontidae","Desmognathus","Desmognathus quadramaculatus"
"70","Desmognathus welteri","Animalia","Chordata","Amphibia","Caudata","Plethodontidae","Desmognathus","Desmognathus welteri"
"71","Desmognathus wrighti","Animalia","Chordata","Amphibia","Caudata","Plethodontidae","Desmognathus","Desmognathus wrighti"
"72","Dipodomys californicus","Animalia","Chordata","Mammalia","Rodentia","Heteromyidae","Dipodomys","Dipodomys californicus"
"73","Dipodomys microps","Animalia","Chordata","Mammalia","Rodentia","Heteromyidae","Dipodomys","Dipodomys microps"
"74","Dryobates nuttallii","Animalia","Chordata","Aves","Piciformes","Picidae","Dryobates","Dryobates nuttallii"
"75","Dryophytes avivoca","Animalia","Chordata","Amphibia","Anura","Hylidae","Dryophytes","Dryophytes avivoca"
"77","Dryophytes cinereus","Animalia","Chordata","Amphibia","Anura","Hylidae","Dryophytes","Dryophytes cinereus"
"78","Dryophytes femoralis","Animalia","Chordata","Amphibia","Anura","Hylidae","Dryophytes","Dryophytes femoralis"
"79","Dryophytes gratiosus","Animalia","Chordata","Amphibia","Anura","Hylidae","Dryophytes","Dryophytes gratiosus"
"80","Dryophytes squirellus","Animalia","Chordata","Amphibia","Anura","Hylidae","Dryophytes","Dryophytes squirellus"
"83","Egretta caerulea","Animalia","Chordata","Aves","Pelecaniformes","Ardeidae","Egretta","Egretta caerulea"
"85","Elgaria multicarinata","Animalia","Chordata","Reptilia","Squamata","Anguidae","Elgaria","Elgaria multicarinata"
"87","Eurycea cirrigera","Animalia","Chordata","Amphibia","Caudata","Plethodontidae","Eurycea","Eurycea cirrigera"
"88","Eurycea guttolineata","Animalia","Chordata","Amphibia","Caudata","Plethodontidae","Eurycea","Eurycea guttolineata"
"89","Eurycea longicauda","Animalia","Chordata","Amphibia","Caudata","Plethodontidae","Eurycea","Eurycea longicauda"
"90","Eurycea lucifuga","Animalia","Chordata","Amphibia","Caudata","Plethodontidae","Eurycea","Eurycea lucifuga"
"91","Eurycea quadridigitata","Animalia","Chordata","Amphibia","Caudata","Plethodontidae","Eurycea","Eurycea quadridigitata"
"92","Eurycea wilderae","Animalia","Chordata","Amphibia","Caudata","Plethodontidae","Eurycea","Eurycea wilderae"
"93","Farancia abacura","Animalia","Chordata","Reptilia","Squamata","Colubridae","Farancia","Farancia abacura"
"94","Farancia erytrogramma","Animalia","Chordata","Reptilia","Squamata","Colubridae","Farancia","Farancia erytrogramma"
"95","Gambelia wislizenii","Animalia","Chordata","Reptilia","Squamata","Crotaphytidae","Gambelia","Gambelia wislizenii"
"96","Gastrophryne carolinensis","Animalia","Chordata","Amphibia","Anura","Microhylidae","Gastrophryne","Gastrophryne carolinensis"
"97","Gastrophryne olivacea","Animalia","Chordata","Amphibia","Anura","Microhylidae","Gastrophryne","Gastrophryne olivacea"
"98","Geothlypis formosa","Animalia","Chordata","Aves","Passeriformes","Parulidae","Geothlypis","Geothlypis formosa"
"100","Gymnorhinus cyanocephalus","Animalia","Chordata","Aves","Passeriformes","Corvidae","Gymnorhinus","Gymnorhinus cyanocephalus"
"103","Haldea striatula","Animalia","Chordata","Reptilia","Squamata","Colubridae","Haldea","Haldea striatula"
"104","Helmitheros vermivorum","Animalia","Chordata","Aves","Passeriformes","Parulidae","Helmitheros","Helmitheros vermivorum"
"105","Holbrookia maculata","Animalia","Chordata","Reptilia","Squamata","Phrynosomatidae","Holbrookia","Holbrookia maculata"
"106","Icterus cucullatus","Animalia","Chordata","Aves","Passeriformes","Icteridae","Icterus","Icterus cucullatus"
"107","Ictinia mississippiensis","Animalia","Chordata","Aves","Accipitriformes","Accipitridae","Ictinia","Ictinia mississippiensis"
"109","Lampropeltis californiae","Animalia","Chordata","Reptilia","Squamata","Colubridae","Lampropeltis","Lampropeltis californiae"
"110","Lampropeltis calligaster","Animalia","Chordata","Reptilia","Squamata","Colubridae","Lampropeltis","Lampropeltis calligaster"
"111","Lampropeltis elapsoides","Animalia","Chordata","Reptilia","Squamata","Colubridae","Lampropeltis","Lampropeltis elapsoides"
"112","Lampropeltis gentilis","Animalia","Chordata","Reptilia","Squamata","Colubridae","Lampropeltis","Lampropeltis gentilis"
"113","Lampropeltis getula","Animalia","Chordata","Reptilia","Squamata","Colubridae","Lampropeltis","Lampropeltis getula"
"114","Lampropeltis holbrooki","Animalia","Chordata","Reptilia","Squamata","Colubridae","Lampropeltis","Lampropeltis holbrooki"
"115","Lampropeltis nigra","Animalia","Chordata","Reptilia","Squamata","Colubridae","Lampropeltis","Lampropeltis nigra"
"116","Lampropeltis zonata","Animalia","Chordata","Reptilia","Squamata","Colubridae","Lampropeltis","Lampropeltis zonata"
"120","Leiothlypis virginiae","Animalia","Chordata","Aves","Passeriformes","Parulidae","Leiothlypis","Leiothlypis virginiae"
"122","Lepus californicus","Animalia","Chordata","Mammalia","Lagomorpha","Leporidae","Lepus","Lepus californicus"
"123","Limnothlypis swainsonii","Animalia","Chordata","Aves","Passeriformes","Parulidae","Limnothlypis","Limnothlypis swainsonii"
"124","Lithobates areolatus","Animalia","Chordata","Amphibia","Anura","Ranidae","Lithobates","Lithobates areolatus"
"125","Lithobates blairi","Animalia","Chordata","Amphibia","Anura","Ranidae","Lithobates","Lithobates blairi"
"126","Lithobates capito","Animalia","Chordata","Amphibia","Anura","Ranidae","Lithobates","Lithobates capito"
"129","Lithobates sphenocephalus","Animalia","Chordata","Amphibia","Anura","Ranidae","Lithobates","Lithobates sphenocephalus"
"131","Lithobates virgatipes","Animalia","Chordata","Amphibia","Anura","Ranidae","Lithobates","Lithobates virgatipes"
"133","Malaclemys terrapin","Animalia","Chordata","Reptilia","Testudines","Emydidae","Malaclemys","Malaclemys terrapin"
"134","Marmota olympus","Animalia","Chordata","Mammalia","Rodentia","Sciuridae","Marmota","Marmota olympus"
"135","Masticophis flagellum","Animalia","Chordata","Reptilia","Squamata","Colubridae","Masticophis","Masticophis flagellum"
"136","Masticophis lateralis","Animalia","Chordata","Reptilia","Squamata","Colubridae","Masticophis","Masticophis lateralis"
"137","Masticophis taeniatus","Animalia","Chordata","Reptilia","Squamata","Colubridae","Masticophis","Masticophis taeniatus"
"138","Melanerpes formicivorus","Animalia","Chordata","Aves","Piciformes","Picidae","Melanerpes","Melanerpes formicivorus"
"140","Microdipodops megacephalus","Animalia","Chordata","Mammalia","Rodentia","Heteromyidae","Microdipodops","Microdipodops megacephalus"
"141","Microtus californicus","Animalia","Chordata","Mammalia","Rodentia","Cricetidae","Microtus","Microtus californicus"
"143","Myiarchus cinerascens","Animalia","Chordata","Aves","Passeriformes","Tyrannidae","Myiarchus","Myiarchus cinerascens"
"144","Myodes californicus","Animalia","Chordata","Mammalia","Rodentia","Cricetidae","Myodes","Myodes californicus"
"145","Myotis austroriparius","Animalia","Chordata","Mammalia","Chiroptera","Vespertilionidae","Myotis","Myotis austroriparius"
"146","Necturus lewisi","Animalia","Chordata","Amphibia","Caudata","Proteidae","Necturus","Necturus lewisi"
"148","Necturus punctatus","Animalia","Chordata","Amphibia","Caudata","Proteidae","Necturus","Necturus punctatus"
"149","Neotamias dorsalis","Animalia","Chordata","Mammalia","Rodentia","Sciuridae","Neotamis","Neotamias dorsalis"
"150","Neotamias senex","Animalia","Chordata","Mammalia","Rodentia","Sciuridae","Neotamis","Neotamias senex"
"151","Neotamias siskiyou","Animalia","Chordata","Mammalia","Rodentia","Sciuridae","Neotamis","Neotamias siskiyou"
"152","Neotamias sonomae","Animalia","Chordata","Mammalia","Rodentia","Sciuridae","Neotamis","Neotamias sonomae"
"153","Neotamias umbrinus","Animalia","Chordata","Mammalia","Rodentia","Sciuridae","Neotamis","Neotamias umbrinus"
"154","Neotoma floridana","Animalia","Chordata","Mammalia","Rodentia","Cricetidae","Neotoma","Neotoma floridana"
"155","Neotoma fuscipes","Animalia","Chordata","Mammalia","Rodentia","Cricetidae","Neotoma","Neotoma fuscipes"
"156","Neotoma lepida","Animalia","Chordata","Mammalia","Rodentia","Cricetidae","Neotoma","Neotoma lepida"
"157","Nerodia cyclopion","Animalia","Chordata","Reptilia","Squamata","Colubridae","Nerodia","Nerodia cyclopion"
"158","Nerodia erythrogaster","Animalia","Chordata","Reptilia","Squamata","Colubridae","Nerodia","Nerodia erythrogaster"
"159","Nerodia fasciata","Animalia","Chordata","Reptilia","Squamata","Colubridae","Nerodia","Nerodia fasciata"
"160","Nerodia rhombifer","Animalia","Chordata","Reptilia","Squamata","Colubridae","Nerodia","Nerodia rhombifer"
"161","Nerodia taxispilota","Animalia","Chordata","Reptilia","Squamata","Colubridae","Nerodia","Nerodia taxispilota"
"163","Nyctanassa violacea","Animalia","Chordata","Aves","Pelecaniformes","Ardeidae","Nyctanassa","Nyctanassa violacea"
"164","Nycticeius humeralis","Animalia","Chordata","Mammalia","Chiroptera","Vespertilionidae","Nycticeius","Nycticeius humeralis"
"166","Ochrotomys nuttalli","Animalia","Chordata","Mammalia","Rodentia","Cricetidae","Ochrotomys","Ochrotomys nuttalli"
"167","Onychomys torridus","Animalia","Chordata","Mammalia","Rodentia","Cricetidae","Onychomys","Onychomys torridus"
"168","Opheodrys aestivus","Animalia","Chordata","Reptilia","Squamata","Colubridae","Opheodrys","Opheodrys aestivus"
"169","Ophisaurus attenuatus","Animalia","Chordata","Reptilia","Squamata","Anguidae","Ophisaurus","Ophisaurus attenuatus"
"170","Ophisaurus ventralis","Animalia","Chordata","Reptilia","Squamata","Anguidae","Ophisaurus","Ophisaurus ventralis"
"173","Otospermophilus beecheyi","Animalia","Chordata","Mammalia","Rodentia","Sciuridae","Otospermophilus","Otospermophilus beecheyi"
"174","Pantherophis alleghaniensis","Animalia","Chordata","Reptilia","Squamata","Colubridae","Pantherophis","Pantherophis alleghaniensis"
"175","Pantherophis emoryi","Animalia","Chordata","Reptilia","Squamata","Colubridae","Pantherophis","Pantherophis emoryi"
"176","Pantherophis guttatus","Animalia","Chordata","Reptilia","Squamata","Colubridae","Pantherophis","Pantherophis guttatus"
"177","Pantherophis obsoletus","Animalia","Chordata","Reptilia","Squamata","Colubridae","Pantherophis","Pantherophis obsoletus"
"178","Pantherophis ramspotti","Animalia","Chordata","Reptilia","Squamata","Colubridae","Pantherophis","Pantherophis ramspotti"
"179","Parastrellus hesperus","Animalia","Chordata","Mammalia","Chiroptera","Vespertilionidae","Parastrellus","Parastrellus hesperus"
"181","Passerella megarhyncha","Animalia","Chordata","Aves","Passeriformes","Passerellidae","Passerella","Passerella megarhyncha"
"182","Passerina caerulea","Animalia","Chordata","Aves","Passeriformes","Cardinalidae","Passerina","Passerina caerulea"
"184","Perognathus flavescens","Animalia","Chordata","Mammalia","Rodentia","Heteromyidae","Perognathus","Perognathus flavescens"
"185","Perognathus flavus","Animalia","Chordata","Mammalia","Rodentia","Heteromyidae","Perognathus","Perognathus flavus"
"186","Perognathus longimembris","Animalia","Chordata","Mammalia","Rodentia","Heteromyidae","Perognathus","Perognathus longimembris"
"187","Peromyscus boylii","Animalia","Chordata","Mammalia","Rodentia","Cricetidae","Peromyscus","Peromyscus boylii"
"188","Peromyscus crinitus","Animalia","Chordata","Mammalia","Rodentia","Cricetidae","Peromyscus","Peromyscus crinitus"
"189","Peromyscus gossypinus","Animalia","Chordata","Mammalia","Rodentia","Cricetidae","Peromyscus","Peromyscus gossypinus"
"190","Peromyscus polionotus","Animalia","Chordata","Mammalia","Rodentia","Cricetidae","Peromyscus","Peromyscus polionotus"
"191","Peromyscus truei","Animalia","Chordata","Mammalia","Rodentia","Cricetidae","Peromyscus","Peromyscus truei"
"192","Peucaea cassinii","Animalia","Chordata","Aves","Passeriformes","Passerellidae","Peucaea","Peucaea cassinii"
"193","Phrynosoma douglasii","Animalia","Chordata","Reptilia","Squamata","Phrynosomatidae","Phrynosoma","Phrynosoma douglasii"
"194","Phrynosoma platyrhinos","Animalia","Chordata","Reptilia","Squamata","Phrynosomatidae","Phrynosoma","Phrynosoma platyrhinos"
"195","Pipilo chlorurus","Animalia","Chordata","Aves","Passeriformes","Passerellidae","Pipilo","Pipilo chlorurus"
"196","Piranga rubra","Animalia","Chordata","Aves","Passeriformes","Cardinalidae","Piranga","Piranga rubra"
"197","Pituophis melanoleucus","Animalia","Chordata","Reptilia","Squamata","Colubridae","Pituophis","Pituophis melanoleucus"
"198","Plegadis falcinellus","Animalia","Chordata","Aves","Pelecaniformes","Threskiornithidae","Plegadis","Plegadis falcinellus"
"199","Plestiodon anthracinus","Animalia","Chordata","Reptilia","Squamata","Scincidae","Plestiodon","Plestiodon anthracinus"
"201","Plestiodon inexpectatus","Animalia","Chordata","Reptilia","Squamata","Scincidae","Plestiodon","Plestiodon inexpectatus"
"202","Plestiodon laticeps","Animalia","Chordata","Reptilia","Squamata","Scincidae","Plestiodon","Plestiodon laticeps"
"203","Plestiodon multivirgatus","Animalia","Chordata","Reptilia","Squamata","Scincidae","Plestiodon","Plestiodon multivirgatus"
"204","Plestiodon obsoletus","Animalia","Chordata","Reptilia","Squamata","Scincidae","Plestiodon","Plestiodon obsoletus"
"205","Plethodon albagula","Animalia","Chordata","Amphibia","Caudata","Plethodontidae","Plethodon","Plethodon albagula"
"207","Plethodon cylindraceus","Animalia","Chordata","Amphibia","Caudata","Plethodontidae","Plethodon","Plethodon cylindraceus"
"208","Plethodon dorsalis","Animalia","Chordata","Amphibia","Caudata","Plethodontidae","Plethodon","Plethodon dorsalis"
"209","Plethodon dunni","Animalia","Chordata","Amphibia","Caudata","Plethodontidae","Plethodon","Plethodon dunni"
"210","Plethodon electromorphus","Animalia","Chordata","Amphibia","Caudata","Plethodontidae","Plethodon","Plethodon electromorphus"
"211","Plethodon elongatus","Animalia","Chordata","Amphibia","Caudata","Plethodontidae","Plethodon","Plethodon elongatus"
"212","Plethodon glutinosus","Animalia","Chordata","Amphibia","Caudata","Plethodontidae","Plethodon","Plethodon glutinosus"
"213","Plethodon jordani","Animalia","Chordata","Amphibia","Caudata","Plethodontidae","Plethodon","Plethodon jordani"
"214","Plethodon kentucki","Animalia","Chordata","Amphibia","Caudata","Plethodontidae","Plethodon","Plethodon kentucki"
"215","Plethodon metcalfi","Animalia","Chordata","Amphibia","Caudata","Plethodontidae","Plethodon","Plethodon metcalfi"
"216","Plethodon montanus","Animalia","Chordata","Amphibia","Caudata","Plethodontidae","Plethodon","Plethodon montanus"
"217","Plethodon richmondi","Animalia","Chordata","Amphibia","Caudata","Plethodontidae","Plethodon","Plethodon richmondi"
"218","Plethodon serratus","Animalia","Chordata","Amphibia","Caudata","Plethodontidae","Plethodon","Plethodon serratus"
"219","Plethodon sherando","Animalia","Chordata","Amphibia","Caudata","Plethodontidae","Plethodon","Plethodon sherando"
"220","Plethodon shermani","Animalia","Chordata","Amphibia","Caudata","Plethodontidae","Plethodon","Plethodon shermani"
"221","Plethodon teyahalee","Animalia","Chordata","Amphibia","Caudata","Plethodontidae","Plethodon","Plethodon teyahalee"
"222","Plethodon ventralis","Animalia","Chordata","Amphibia","Caudata","Plethodontidae","Plethodon","Plethodon ventralis"
"223","Plethodon welleri","Animalia","Chordata","Amphibia","Caudata","Plethodontidae","Plethodon","Plethodon welleri"
"224","Plethodon yonahlossee","Animalia","Chordata","Amphibia","Caudata","Plethodontidae","Plethodon","Plethodon yonahlossee"
"225","Poecile carolinensis","Animalia","Chordata","Aves","Passeriformes","Paridae","Poecile","Poecile carolinensis"
"228","Pseudacris brachyphona","Animalia","Chordata","Amphibia","Anura","Hylidae","Pseudacris","Pseudacris brachyphona"
"229","Pseudacris brimleyi","Animalia","Chordata","Amphibia","Anura","Hylidae","Pseudacris","Pseudacris brimleyi"
"231","Pseudacris feriarum","Animalia","Chordata","Amphibia","Anura","Hylidae","Pseudacris","Pseudacris feriarum"
"232","Pseudacris kalmi","Animalia","Chordata","Amphibia","Anura","Hylidae","Pseudacris","Pseudacris kalmi"
"233","Pseudacris nigrita","Animalia","Chordata","Amphibia","Anura","Hylidae","Pseudacris","Pseudacris nigrita"
"234","Pseudacris ocularis","Animalia","Chordata","Amphibia","Anura","Hylidae","Pseudacris","Pseudacris ocularis"
"235","Pseudacris ornata","Animalia","Chordata","Amphibia","Anura","Hylidae","Pseudacris","Pseudacris ornata"
"236","Pseudacris streckeri","Animalia","Chordata","Amphibia","Anura","Hylidae","Pseudacris","Pseudacris streckeri"
"237","Pseudotriton montanus","Animalia","Chordata","Amphibia","Caudata","Plethodontidae","Pseudotriton","Pseudotriton montanus"
"238","Quiscalus major","Animalia","Chordata","Aves","Passeriformes","Icteridae","Quiscalus","Quiscalus major"
"239","Quiscalus mexicanus","Animalia","Chordata","Aves","Passeriformes","Icteridae","Quiscalus","Quiscalus mexicanus"
"240","Rallus crepitans","Animalia","Chordata","Aves","Gruifformes","Rallidae","Rallus","Rallus crepitans"
"242","Rana boylii","Animalia","Chordata","Amphibia","Anura","Ranidae","Rana","Rana boylii"
"243","Rana cascadae","Animalia","Chordata","Amphibia","Anura","Ranidae","Rana","Rana cascadae"
"246","Regina grahamii","Animalia","Chordata","Reptilia","Squamata","Colubridae","Regina","Regina grahamii"
"248","Reithrodontomys humulis","Animalia","Chordata","Mammalia","Rodentia","Cricetidae","Reithrodontomys","Reithrodontomys humulis"
"249","Reithrodontomys montanus","Animalia","Chordata","Mammalia","Rodentia","Cricetidae","Reithrodontomys","Reithrodontomys montanus"
"250","Rhadinaea flavilata","Animalia","Chordata","Reptilia","Squamata","Colubridae","Rhadinaea","Rhadinaea flavilata"
"251","Rhinocheilus lecontei","Animalia","Chordata","Reptilia","Squamata","Colubridae","Rhinocheilus","Rhinocheilus lecontei"
"252","Sayornis nigricans","Animalia","Chordata","Aves","Passeriformes","Tyrannidae","Sayornis","Sayornis nigricans"
"254","Scapanus latimanus","Animalia","Chordata","Mammalia","Soricomorpha","Talpidae","Scapanus","Scapanus latimanus"
"255","Scaphiopus holbrookii","Animalia","Chordata","Amphibia","Anura","Scaphiopodidae","Scaphiopus","Scaphiopus holbrookii"
"256","Sceloporus graciosus","Animalia","Chordata","Reptilia","Squamata","Iguanidae","Sceloporus","Sceloporus graciosus"
"257","Sceloporus occidentalis","Animalia","Chordata","Reptilia","Squamata","Iguanidae","Sceloporus","Sceloporus occidentalis"
"258","Sceloporus undulatus","Animalia","Chordata","Reptilia","Squamata","Iguanidae","Sceloporus","Sceloporus undulatus"
"259","Scincella lateralis","Animalia","Chordata","Reptilia","Squamata","Scincidae","Scincella","Scincella lateralis"
"260","Sciurus griseus","Animalia","Chordata","Mammalia","Rodentia","Sciuridae","Sciurus","Sciurus griseus"
"262","Selasphorus platycercus","Animalia","Chordata","Aves","Apodiformes","Trochilidae","Selasphorus","Selasphorus platycercus"
"263","Selasphorus sasin","Animalia","Chordata","Aves","Apodiformes","Trochilidae","Selasphorus","Selasphorus sasin"
"264","Setophaga dominica","Animalia","Chordata","Aves","Passeriformes","Parulidae","Setophaga","Setophaga dominica"
"265","Setophaga occidentalis","Animalia","Chordata","Aves","Passeriformes","Parulidae","Setophaga","Setophaga occidentalis"
"269","Sigmodon hispidus","Animalia","Chordata","Mammalia","Rodentia","Cricetidae","Sigmodon","Sigmodon hispidus"
"270","Siren intermedia","Animalia","Chordata","Amphibia","Caudata","Sirenidae","Siren","Siren intermedia"
"271","Siren lacertina","Animalia","Chordata","Amphibia","Caudata","Sirenidae","Siren","Siren lacertina"
"272","Sistrurus miliarius","Animalia","Chordata","Reptilia","Squamata","Viperidae","Sistrurus","Sistrurus miliarius"
"273","Sitta pusilla","Animalia","Chordata","Aves","Passeriformes","Sittidae","Sitta","Sitta pusilla"
"275","Sonora semiannulata","Animalia","Chordata","Reptilia","Squamata","Colubridae","Sonora","Sonora semiannulata"
"276","Sorex longirostris","Animalia","Chordata","Mammalia","Soricomorpha","Soricidae","Sorex","Sorex longirostris"
"277","Sorex merriami","Animalia","Chordata","Mammalia","Soricomorpha","Soricidae","Sorex","Sorex merriami"
"278","Sorex nanus","Animalia","Chordata","Mammalia","Soricomorpha","Soricidae","Sorex","Sorex nanus"
"279","Sorex sonomae","Animalia","Chordata","Mammalia","Soricomorpha","Soricidae","Sorex","Sorex sonomae"
"282","Spinus psaltria","Animalia","Chordata","Aves","Passeriformes","Fringillidae","Spinus","Spinus psaltria"
"284","Stereochilus marginatus","Animalia","Chordata","Amphibia","Caudata","Plethodontidae","Stereochilus","Stereochilus marginatus"
"286","Sylvilagus aquaticus","Animalia","Chordata","Mammalia","Lagomorpha","Leporidae","Sylvilagus","Sylvilagus aquaticus"
"287","Sylvilagus audubonii","Animalia","Chordata","Mammalia","Lagomorpha","Leporidae","Sylvilagus","Sylvilagus audubonii"
"288","Sylvilagus bachmani","Animalia","Chordata","Mammalia","Lagomorpha","Leporidae","Sylvilagus","Sylvilagus bachmani"
"289","Sylvilagus palustris","Animalia","Chordata","Mammalia","Lagomorpha","Leporidae","Sylvilagus","Sylvilagus palustris"
"290","Sylvilagus transitionalis","Animalia","Chordata","Mammalia","Lagomorpha","Leporidae","Sylvilagus","Sylvilagus transitionalis"
"291","Tadarida brasiliensis","Animalia","Chordata","Mammalia","Chiroptera","Molossidae","Tadarida","Tadarida brasiliensis"
"292","Tantilla coronata","Animalia","Chordata","Reptilia","Squamata","Colubridae","Tantilla","Tantilla coronata"
"293","Tantilla gracilis","Animalia","Chordata","Reptilia","Squamata","Colubridae","Tantilla","Tantilla gracilis"
"294","Tantilla nigriceps","Animalia","Chordata","Reptilia","Squamata","Colubridae","Tantilla","Tantilla nigriceps"
"296","Thamnophis atratus","Animalia","Chordata","Reptilia","Squamata","Colubridae","Thamnophis","Thamnophis atratus"
"297","Thomomys bottae","Animalia","Chordata","Mammalia","Rodentia","Geomyidae","Thomomys","Thomomys bottae"
"298","Thomomys idahoensis","Animalia","Chordata","Mammalia","Rodentia","Geomyidae","Thomomys","Thomomys idahoensis"
"299","Thomomys mazama","Animalia","Chordata","Mammalia","Rodentia","Geomyidae","Thomomys","Thomomys mazama"
"300","Thomomys monticola","Animalia","Chordata","Mammalia","Rodentia","Geomyidae","Thomomys","Thomomys monticola"
"301","Thomomys townsendii","Animalia","Chordata","Mammalia","Rodentia","Geomyidae","Thomomys","Thomomys townsendii"
"302","Toxostoma redivivum","Animalia","Chordata","Aves","Passeriformes","Mimidae","Toxostoma","Toxostoma redivivum"
"306","Tropidoclonion lineatum","Animalia","Chordata","Reptilia","Squamata","Colubridae","Tropidoclonion","Tropidoclonion lineatum"
"307","Tyrannus vociferans","Animalia","Chordata","Aves","Passeriformes","Tyrannidae","Tyrannus","Tyrannus vociferans"
"308","Urocitellus armatus","Animalia","Chordata","Mammalia","Rodentia","Sciuridae","Urocitellus","Urocitellus armatus"
"309","Urocitellus beldingi","Animalia","Chordata","Mammalia","Rodentia","Sciuridae","Urocitellus","Urocitellus beldingi"
"310","Urocitellus canus","Animalia","Chordata","Mammalia","Rodentia","Sciuridae","Urocitellus","Urocitellus canus"
"311","Urocitellus elegans","Animalia","Chordata","Mammalia","Rodentia","Sciuridae","Urocitellus","Urocitellus elegans"
"312","Urocitellus mollis","Animalia","Chordata","Mammalia","Rodentia","Sciuridae","Urocitellus","Urocitellus mollis"
"314","Uta stansburiana","Animalia","Chordata","Reptilia","Squamata","Iguanidae","Uta","Uta stansburiana"
"315","Vireo bellii","Animalia","Chordata","Aves","Passeriformes","Vireonidae","Vireo","Vireo bellii"
"316","Vireo griseus","Animalia","Chordata","Aves","Passeriformes","Vireonidae","Vireo","Vireo griseus"
"317","Vireo plumbeus","Animalia","Chordata","Aves","Passeriformes","Vireonidae","Vireo","Vireo plumbeus"
"318","Virginia valeriae","Animalia","Chordata","Reptilia","Squamata","Colubridae","Virginia","Virginia valeriae"
"319","Vulpes macrotis","Animalia","Chordata","Mammalia","Carnivora","Canidae","Vulpes","Vulpes macrotis"
"320","Xerospermophilus spilosoma","Animalia","Chordata","Mammalia","Rodentia","Sciuridae","Xerospermophilus","Xerospermophilus spilosoma"
