"X","Species","kingdom","phylum","class","order","family","genus","species","OrderMeanDD","OrderMeanN","OrderSD","ClassMeanDD","ClassMeanN","ClassSD"
1,"Acris gryllus","Animalia","Chordata","Amphibia","Anura","Hylidae","Acris","Acris gryllus",2.25808447852761,163,4.99585173824122,1.68948948,250,4.26331653024586
3,"Agkistrodon contortrix","Animalia","Chordata","Reptilia","Squamata","Viperidae","Agkistrodon","Agkistrodon contortrix",1.15099189189189,37,2.43051883491506,0.881628333333333,60,1.94611910796949
4,"Agkistrodon piscivorus","Animalia","Chordata","Reptilia","Squamata","Viperidae","Agkistrodon","Agkistrodon piscivorus",1.15099189189189,37,2.43051883491506,0.881628333333333,60,1.94611910796949
5,"Alligator mississippiensis","Animalia","Chordata","Reptilia","Crocodilia","Alligatoridae","Alligator","Alligator mississippiensis",NA,NA,NA,0.881628333333333,60,1.94611910796949
6,"Ambystoma barbouri","Animalia","Chordata","Amphibia","Caudata","Ambystomatidae","Ambystoma","Ambystoma barbouri",0.624190804597701,87,1.96207535200656,1.68948948,250,4.26331653024586
8,"Ambystoma opacum","Animalia","Chordata","Amphibia","Caudata","Ambystomatidae","Ambystoma","Ambystoma opacum",0.624190804597701,87,1.96207535200656,1.68948948,250,4.26331653024586
9,"Ambystoma talpoideum","Animalia","Chordata","Amphibia","Caudata","Ambystomatidae","Ambystoma","Ambystoma talpoideum",0.624190804597701,87,1.96207535200656,1.68948948,250,4.26331653024586
11,"Ammospermophilus leucurus","Animalia","Chordata","Mammalia","Rodentia","Sciuridae","Ammospermophilus","Ammospermophilus leucurus",2.97981701570681,382,12.1870038213575,60.1645771985494,1103,191.503675951165
12,"Ammospiza maritima","Animalia","Chordata","Aves","Passeriformes","Passerellidae","Ammospiza","Ammospiza maritima",40.480562248996,249,93.2314173677107,79.4545335820896,536,210.665826431259
13,"Amphispiza bilineata","Animalia","Chordata","Aves","Passeriformes","Passerellidae","Amphispiza","Amphispiza bilineata",40.480562248996,249,93.2314173677107,79.4545335820896,536,210.665826431259
14,"Amphiuma means","Animalia","Chordata","Amphibia","Caudata","Amphiumidae","Amphiuma","Amphiuma means",0.624190804597701,87,1.96207535200656,1.68948948,250,4.26331653024586
15,"Amphiuma tridactylum","Animalia","Chordata","Amphibia","Caudata","Amphiumidae","Amphiuma","Amphiuma tridactylum",0.624190804597701,87,1.96207535200656,1.68948948,250,4.26331653024586
17,"Anaxyrus quercicus","Animalia","Chordata","Amphibia","Anura","Bufonidae","Anaxyrus","Anaxyrus quercicus",2.25808447852761,163,4.99585173824122,1.68948948,250,4.26331653024586
18,"Anaxyrus terrestris","Animalia","Chordata","Amphibia","Anura","Bufonidae","Anaxyrus","Anaxyrus terrestris",2.25808447852761,163,4.99585173824122,1.68948948,250,4.26331653024586
19,"Anaxyrus woodhousii","Animalia","Chordata","Amphibia","Anura","Bufonidae","Anaxyrus","Anaxyrus woodhousii",2.25808447852761,163,4.99585173824122,1.68948948,250,4.26331653024586
20,"Aneides ferreus","Animalia","Chordata","Amphibia","Caudata","Plethodontidae","Aneides","Aneides ferreus",0.624190804597701,87,1.96207535200656,1.68948948,250,4.26331653024586
21,"Aneides flavipunctatus","Animalia","Chordata","Amphibia","Caudata","Plethodontidae","Aneides","Aneides flavipunctatus",0.624190804597701,87,1.96207535200656,1.68948948,250,4.26331653024586
23,"Anolis carolinensis","Animalia","Chordata","Reptilia","Squamata","Dactyloidae","Anolis","Anolis carolinensis",1.15099189189189,37,2.43051883491506,0.881628333333333,60,1.94611910796949
25,"Aphelocoma californica","Animalia","Chordata","Aves","Passeriformes","Corvidae","Aphelocoma","Aphelocoma californica",40.480562248996,249,93.2314173677107,79.4545335820896,536,210.665826431259
26,"Arborimus albipes","Animalia","Chordata","Mammalia","Rodentia","Cricetidae","Arborimus","Arborimus albipes",2.97981701570681,382,12.1870038213575,60.1645771985494,1103,191.503675951165
27,"Arborimus longicaudus","Animalia","Chordata","Mammalia","Rodentia","Cricetidae","Arborimus","Arborimus longicaudus",2.97981701570681,382,12.1870038213575,60.1645771985494,1103,191.503675951165
29,"Artemisiospiza nevadensis","Animalia","Chordata","Aves","Passeriformes","Passerellidae","Artemisiospiza","Artemisiospiza nevadensis",40.480562248996,249,93.2314173677107,79.4545335820896,536,210.665826431259
30,"Aspidoscelis sexlineata","Animalia","Chordata","Reptilia","Squamata","Teiidae","Aspidoscelis","Aspidoscelis sexlineata",1.15099189189189,37,2.43051883491506,0.881628333333333,60,1.94611910796949
31,"Aspidoscelis tigris","Animalia","Chordata","Reptilia","Squamata","Teiidae","Aspidoscelis","Aspidoscelis tigris",1.15099189189189,37,2.43051883491506,0.881628333333333,60,1.94611910796949
32,"Baeolophus inornatus","Animalia","Chordata","Aves","Passeriformes","Paridae","Baeolophus","Baeolophus inornatus",40.480562248996,249,93.2314173677107,79.4545335820896,536,210.665826431259
33,"Baeolophus ridgwayi","Animalia","Chordata","Aves","Passeriformes","Paridae","Baeolophus","Baeolophus ridgwayi",40.480562248996,249,93.2314173677107,79.4545335820896,536,210.665826431259
34,"Bassariscus astutus","Animalia","Chordata","Mammalia","Carnivora","Procyonidae","Bassariscus","Bassariscus astutus",123.582851415094,424,212.226991301558,60.1645771985494,1103,191.503675951165
35,"Batrachoseps attenuatus","Animalia","Chordata","Amphibia","Caudata","Plethodontidae","Batrachoseps","Batrachoseps attenuatus",0.624190804597701,87,1.96207535200656,1.68948948,250,4.26331653024586
36,"Batrachoseps wrighti","Animalia","Chordata","Amphibia","Caudata","Plethodontidae","Batrachoseps","Batrachoseps wrighti",0.624190804597701,87,1.96207535200656,1.68948948,250,4.26331653024586
37,"Blarina carolinensis","Animalia","Chordata","Mammalia","Soricomorpha","Soricidae","Blarina","Blarina carolinensis",0.7413,10,0.538713292124031,60.1645771985494,1103,191.503675951165
38,"Blarina hylophaga","Animalia","Chordata","Mammalia","Soricomorpha","Soricidae","Blarina","Blarina hylophaga",0.7413,10,0.538713292124031,60.1645771985494,1103,191.503675951165
42,"Carphophis amoenus","Animalia","Chordata","Reptilia","Squamata","Colubridae","Carphophis","Carphophis amoenus",1.15099189189189,37,2.43051883491506,0.881628333333333,60,1.94611910796949
43,"Carphophis vermis","Animalia","Chordata","Reptilia","Squamata","Colubridae","Carphophis","Carphophis vermis",1.15099189189189,37,2.43051883491506,0.881628333333333,60,1.94611910796949
45,"Cemophora coccinea","Animalia","Chordata","Reptilia","Squamata","Colubridae","Cemophora","Cemophora coccinea",1.15099189189189,37,2.43051883491506,0.881628333333333,60,1.94611910796949
46,"Chaetodipus hispidus","Animalia","Chordata","Mammalia","Rodentia","Heteromyidae","Chaetodipus","Chaetodipus hispidus",2.97981701570681,382,12.1870038213575,60.1645771985494,1103,191.503675951165
47,"Chamaea fasciata","Animalia","Chordata","Aves","Passeriformes","Sylviidae","Chamaea","Chamaea fasciata",40.480562248996,249,93.2314173677107,79.4545335820896,536,210.665826431259
50,"Contia longicauda","Animalia","Chordata","Reptilia","Squamata","Colubridae","Contia","Contia longicauda",1.15099189189189,37,2.43051883491506,0.881628333333333,60,1.94611910796949
52,"Corvus ossifragus","Animalia","Chordata","Aves","Passeriformes","Corvidae","Corvus","Corvus ossifragus",40.480562248996,249,93.2314173677107,79.4545335820896,536,210.665826431259
53,"Corynorhinus rafinesquii","Animalia","Chordata","Mammalia","Chiroptera","Vespertilionidae","Corynorhinus","Corynorhinus rafinesquii",NA,NA,NA,60.1645771985494,1103,191.503675951165
54,"Crotalus horridus","Animalia","Chordata","Reptilia","Squamata","Viperidae","Crotalus","Crotalus horridus",1.15099189189189,37,2.43051883491506,0.881628333333333,60,1.94611910796949
55,"Crotaphytus bicinctores","Animalia","Chordata","Reptilia","Squamata","Crotaphytidae","Crotaphytus","Crotaphytus bicinctores",1.15099189189189,37,2.43051883491506,0.881628333333333,60,1.94611910796949
56,"Cryptobranchus alleganiensis","Animalia","Chordata","Amphibia","Caudata","Cryptobranchidae","Cryptobranchus","Cryptobranchus alleganiensis",0.624190804597701,87,1.96207535200656,1.68948948,250,4.26331653024586
57,"Cynomys leucurus","Animalia","Chordata","Mammalia","Rodentia","Sciuridae","Cynomys","Cynomys leucurus",2.97981701570681,382,12.1870038213575,60.1645771985494,1103,191.503675951165
58,"Dasypus novemcinctus","Animalia","Chordata","Mammalia","Cingulata","Dasypodidae","Dasypus","Dasypus novemcinctus",NA,NA,NA,60.1645771985494,1103,191.503675951165
59,"Desmognathus abditus","Animalia","Chordata","Amphibia","Caudata","Plethodontidae","Desmognathus","Desmognathus abditus",0.624190804597701,87,1.96207535200656,1.68948948,250,4.26331653024586
60,"Desmognathus aeneus","Animalia","Chordata","Amphibia","Caudata","Plethodontidae","Desmognathus","Desmognathus aeneus",0.624190804597701,87,1.96207535200656,1.68948948,250,4.26331653024586
61,"Desmognathus auriculatus","Animalia","Chordata","Amphibia","Caudata","Plethodontidae","Desmognathus","Desmognathus auriculatus",0.624190804597701,87,1.96207535200656,1.68948948,250,4.26331653024586
62,"Desmognathus carolinensis","Animalia","Chordata","Amphibia","Caudata","Plethodontidae","Desmognathus","Desmognathus carolinensis",0.624190804597701,87,1.96207535200656,1.68948948,250,4.26331653024586
64,"Desmognathus marmoratus","Animalia","Chordata","Amphibia","Caudata","Plethodontidae","Desmognathus","Desmognathus marmoratus",0.624190804597701,87,1.96207535200656,1.68948948,250,4.26331653024586
65,"Desmognathus monticola","Animalia","Chordata","Amphibia","Caudata","Plethodontidae","Desmognathus","Desmognathus monticola",0.624190804597701,87,1.96207535200656,1.68948948,250,4.26331653024586
67,"Desmognathus ocoee","Animalia","Chordata","Amphibia","Caudata","Plethodontidae","Desmognathus","Desmognathus ocoee",0.624190804597701,87,1.96207535200656,1.68948948,250,4.26331653024586
68,"Desmognathus orestes","Animalia","Chordata","Amphibia","Caudata","Plethodontidae","Desmognathus","Desmognathus orestes",0.624190804597701,87,1.96207535200656,1.68948948,250,4.26331653024586
69,"Desmognathus quadramaculatus","Animalia","Chordata","Amphibia","Caudata","Plethodontidae","Desmognathus","Desmognathus quadramaculatus",0.624190804597701,87,1.96207535200656,1.68948948,250,4.26331653024586
70,"Desmognathus welteri","Animalia","Chordata","Amphibia","Caudata","Plethodontidae","Desmognathus","Desmognathus welteri",0.624190804597701,87,1.96207535200656,1.68948948,250,4.26331653024586
71,"Desmognathus wrighti","Animalia","Chordata","Amphibia","Caudata","Plethodontidae","Desmognathus","Desmognathus wrighti",0.624190804597701,87,1.96207535200656,1.68948948,250,4.26331653024586
72,"Dipodomys californicus","Animalia","Chordata","Mammalia","Rodentia","Heteromyidae","Dipodomys","Dipodomys californicus",2.97981701570681,382,12.1870038213575,60.1645771985494,1103,191.503675951165
73,"Dipodomys microps","Animalia","Chordata","Mammalia","Rodentia","Heteromyidae","Dipodomys","Dipodomys microps",2.97981701570681,382,12.1870038213575,60.1645771985494,1103,191.503675951165
74,"Dryobates nuttallii","Animalia","Chordata","Aves","Piciformes","Picidae","Dryobates","Dryobates nuttallii",31.551,10,32.6848556334241,79.4545335820896,536,210.665826431259
75,"Dryophytes avivoca","Animalia","Chordata","Amphibia","Anura","Hylidae","Dryophytes","Dryophytes avivoca",2.25808447852761,163,4.99585173824122,1.68948948,250,4.26331653024586
77,"Dryophytes cinereus","Animalia","Chordata","Amphibia","Anura","Hylidae","Dryophytes","Dryophytes cinereus",2.25808447852761,163,4.99585173824122,1.68948948,250,4.26331653024586
78,"Dryophytes femoralis","Animalia","Chordata","Amphibia","Anura","Hylidae","Dryophytes","Dryophytes femoralis",2.25808447852761,163,4.99585173824122,1.68948948,250,4.26331653024586
79,"Dryophytes gratiosus","Animalia","Chordata","Amphibia","Anura","Hylidae","Dryophytes","Dryophytes gratiosus",2.25808447852761,163,4.99585173824122,1.68948948,250,4.26331653024586
80,"Dryophytes squirellus","Animalia","Chordata","Amphibia","Anura","Hylidae","Dryophytes","Dryophytes squirellus",2.25808447852761,163,4.99585173824122,1.68948948,250,4.26331653024586
83,"Egretta caerulea","Animalia","Chordata","Aves","Pelecaniformes","Ardeidae","Egretta","Egretta caerulea",154.098461538462,13,204.362379930283,79.4545335820896,536,210.665826431259
85,"Elgaria multicarinata","Animalia","Chordata","Reptilia","Squamata","Anguidae","Elgaria","Elgaria multicarinata",1.15099189189189,37,2.43051883491506,0.881628333333333,60,1.94611910796949
87,"Eurycea cirrigera","Animalia","Chordata","Amphibia","Caudata","Plethodontidae","Eurycea","Eurycea cirrigera",0.624190804597701,87,1.96207535200656,1.68948948,250,4.26331653024586
88,"Eurycea guttolineata","Animalia","Chordata","Amphibia","Caudata","Plethodontidae","Eurycea","Eurycea guttolineata",0.624190804597701,87,1.96207535200656,1.68948948,250,4.26331653024586
89,"Eurycea longicauda","Animalia","Chordata","Amphibia","Caudata","Plethodontidae","Eurycea","Eurycea longicauda",0.624190804597701,87,1.96207535200656,1.68948948,250,4.26331653024586
90,"Eurycea lucifuga","Animalia","Chordata","Amphibia","Caudata","Plethodontidae","Eurycea","Eurycea lucifuga",0.624190804597701,87,1.96207535200656,1.68948948,250,4.26331653024586
91,"Eurycea quadridigitata","Animalia","Chordata","Amphibia","Caudata","Plethodontidae","Eurycea","Eurycea quadridigitata",0.624190804597701,87,1.96207535200656,1.68948948,250,4.26331653024586
92,"Eurycea wilderae","Animalia","Chordata","Amphibia","Caudata","Plethodontidae","Eurycea","Eurycea wilderae",0.624190804597701,87,1.96207535200656,1.68948948,250,4.26331653024586
93,"Farancia abacura","Animalia","Chordata","Reptilia","Squamata","Colubridae","Farancia","Farancia abacura",1.15099189189189,37,2.43051883491506,0.881628333333333,60,1.94611910796949
94,"Farancia erytrogramma","Animalia","Chordata","Reptilia","Squamata","Colubridae","Farancia","Farancia erytrogramma",1.15099189189189,37,2.43051883491506,0.881628333333333,60,1.94611910796949
95,"Gambelia wislizenii","Animalia","Chordata","Reptilia","Squamata","Crotaphytidae","Gambelia","Gambelia wislizenii",1.15099189189189,37,2.43051883491506,0.881628333333333,60,1.94611910796949
96,"Gastrophryne carolinensis","Animalia","Chordata","Amphibia","Anura","Microhylidae","Gastrophryne","Gastrophryne carolinensis",2.25808447852761,163,4.99585173824122,1.68948948,250,4.26331653024586
97,"Gastrophryne olivacea","Animalia","Chordata","Amphibia","Anura","Microhylidae","Gastrophryne","Gastrophryne olivacea",2.25808447852761,163,4.99585173824122,1.68948948,250,4.26331653024586
98,"Geothlypis formosa","Animalia","Chordata","Aves","Passeriformes","Parulidae","Geothlypis","Geothlypis formosa",40.480562248996,249,93.2314173677107,79.4545335820896,536,210.665826431259
100,"Gymnorhinus cyanocephalus","Animalia","Chordata","Aves","Passeriformes","Corvidae","Gymnorhinus","Gymnorhinus cyanocephalus",40.480562248996,249,93.2314173677107,79.4545335820896,536,210.665826431259
103,"Haldea striatula","Animalia","Chordata","Reptilia","Squamata","Colubridae","Haldea","Haldea striatula",1.15099189189189,37,2.43051883491506,0.881628333333333,60,1.94611910796949
104,"Helmitheros vermivorum","Animalia","Chordata","Aves","Passeriformes","Parulidae","Helmitheros","Helmitheros vermivorum",40.480562248996,249,93.2314173677107,79.4545335820896,536,210.665826431259
105,"Holbrookia maculata","Animalia","Chordata","Reptilia","Squamata","Phrynosomatidae","Holbrookia","Holbrookia maculata",1.15099189189189,37,2.43051883491506,0.881628333333333,60,1.94611910796949
106,"Icterus cucullatus","Animalia","Chordata","Aves","Passeriformes","Icteridae","Icterus","Icterus cucullatus",40.480562248996,249,93.2314173677107,79.4545335820896,536,210.665826431259
107,"Ictinia mississippiensis","Animalia","Chordata","Aves","Accipitriformes","Accipitridae","Ictinia","Ictinia mississippiensis",142.063571428571,42,251.907702424107,79.4545335820896,536,210.665826431259
109,"Lampropeltis californiae","Animalia","Chordata","Reptilia","Squamata","Colubridae","Lampropeltis","Lampropeltis californiae",1.15099189189189,37,2.43051883491506,0.881628333333333,60,1.94611910796949
110,"Lampropeltis calligaster","Animalia","Chordata","Reptilia","Squamata","Colubridae","Lampropeltis","Lampropeltis calligaster",1.15099189189189,37,2.43051883491506,0.881628333333333,60,1.94611910796949
111,"Lampropeltis elapsoides","Animalia","Chordata","Reptilia","Squamata","Colubridae","Lampropeltis","Lampropeltis elapsoides",1.15099189189189,37,2.43051883491506,0.881628333333333,60,1.94611910796949
112,"Lampropeltis gentilis","Animalia","Chordata","Reptilia","Squamata","Colubridae","Lampropeltis","Lampropeltis gentilis",1.15099189189189,37,2.43051883491506,0.881628333333333,60,1.94611910796949
113,"Lampropeltis getula","Animalia","Chordata","Reptilia","Squamata","Colubridae","Lampropeltis","Lampropeltis getula",1.15099189189189,37,2.43051883491506,0.881628333333333,60,1.94611910796949
114,"Lampropeltis holbrooki","Animalia","Chordata","Reptilia","Squamata","Colubridae","Lampropeltis","Lampropeltis holbrooki",1.15099189189189,37,2.43051883491506,0.881628333333333,60,1.94611910796949
115,"Lampropeltis nigra","Animalia","Chordata","Reptilia","Squamata","Colubridae","Lampropeltis","Lampropeltis nigra",1.15099189189189,37,2.43051883491506,0.881628333333333,60,1.94611910796949
116,"Lampropeltis zonata","Animalia","Chordata","Reptilia","Squamata","Colubridae","Lampropeltis","Lampropeltis zonata",1.15099189189189,37,2.43051883491506,0.881628333333333,60,1.94611910796949
120,"Leiothlypis virginiae","Animalia","Chordata","Aves","Passeriformes","Parulidae","Leiothlypis","Leiothlypis virginiae",40.480562248996,249,93.2314173677107,79.4545335820896,536,210.665826431259
122,"Lepus californicus","Animalia","Chordata","Mammalia","Lagomorpha","Leporidae","Lepus","Lepus californicus",14.2161105263158,57,37.3440822912876,60.1645771985494,1103,191.503675951165
123,"Limnothlypis swainsonii","Animalia","Chordata","Aves","Passeriformes","Parulidae","Limnothlypis","Limnothlypis swainsonii",40.480562248996,249,93.2314173677107,79.4545335820896,536,210.665826431259
124,"Lithobates areolatus","Animalia","Chordata","Amphibia","Anura","Ranidae","Lithobates","Lithobates areolatus",2.25808447852761,163,4.99585173824122,1.68948948,250,4.26331653024586
125,"Lithobates blairi","Animalia","Chordata","Amphibia","Anura","Ranidae","Lithobates","Lithobates blairi",2.25808447852761,163,4.99585173824122,1.68948948,250,4.26331653024586
126,"Lithobates capito","Animalia","Chordata","Amphibia","Anura","Ranidae","Lithobates","Lithobates capito",2.25808447852761,163,4.99585173824122,1.68948948,250,4.26331653024586
129,"Lithobates sphenocephalus","Animalia","Chordata","Amphibia","Anura","Ranidae","Lithobates","Lithobates sphenocephalus",2.25808447852761,163,4.99585173824122,1.68948948,250,4.26331653024586
131,"Lithobates virgatipes","Animalia","Chordata","Amphibia","Anura","Ranidae","Lithobates","Lithobates virgatipes",2.25808447852761,163,4.99585173824122,1.68948948,250,4.26331653024586
133,"Malaclemys terrapin","Animalia","Chordata","Reptilia","Testudines","Emydidae","Malaclemys","Malaclemys terrapin",0.448304347826087,23,0.414778630419847,0.881628333333333,60,1.94611910796949
134,"Marmota olympus","Animalia","Chordata","Mammalia","Rodentia","Sciuridae","Marmota","Marmota olympus",2.97981701570681,382,12.1870038213575,60.1645771985494,1103,191.503675951165
135,"Masticophis flagellum","Animalia","Chordata","Reptilia","Squamata","Colubridae","Masticophis","Masticophis flagellum",1.15099189189189,37,2.43051883491506,0.881628333333333,60,1.94611910796949
136,"Masticophis lateralis","Animalia","Chordata","Reptilia","Squamata","Colubridae","Masticophis","Masticophis lateralis",1.15099189189189,37,2.43051883491506,0.881628333333333,60,1.94611910796949
137,"Masticophis taeniatus","Animalia","Chordata","Reptilia","Squamata","Colubridae","Masticophis","Masticophis taeniatus",1.15099189189189,37,2.43051883491506,0.881628333333333,60,1.94611910796949
138,"Melanerpes formicivorus","Animalia","Chordata","Aves","Piciformes","Picidae","Melanerpes","Melanerpes formicivorus",31.551,10,32.6848556334241,79.4545335820896,536,210.665826431259
140,"Microdipodops megacephalus","Animalia","Chordata","Mammalia","Rodentia","Heteromyidae","Microdipodops","Microdipodops megacephalus",2.97981701570681,382,12.1870038213575,60.1645771985494,1103,191.503675951165
141,"Microtus californicus","Animalia","Chordata","Mammalia","Rodentia","Cricetidae","Microtus","Microtus californicus",2.97981701570681,382,12.1870038213575,60.1645771985494,1103,191.503675951165
143,"Myiarchus cinerascens","Animalia","Chordata","Aves","Passeriformes","Tyrannidae","Myiarchus","Myiarchus cinerascens",40.480562248996,249,93.2314173677107,79.4545335820896,536,210.665826431259
144,"Myodes californicus","Animalia","Chordata","Mammalia","Rodentia","Cricetidae","Myodes","Myodes californicus",2.97981701570681,382,12.1870038213575,60.1645771985494,1103,191.503675951165
145,"Myotis austroriparius","Animalia","Chordata","Mammalia","Chiroptera","Vespertilionidae","Myotis","Myotis austroriparius",NA,NA,NA,60.1645771985494,1103,191.503675951165
146,"Necturus lewisi","Animalia","Chordata","Amphibia","Caudata","Proteidae","Necturus","Necturus lewisi",0.624190804597701,87,1.96207535200656,1.68948948,250,4.26331653024586
148,"Necturus punctatus","Animalia","Chordata","Amphibia","Caudata","Proteidae","Necturus","Necturus punctatus",0.624190804597701,87,1.96207535200656,1.68948948,250,4.26331653024586
149,"Neotamias dorsalis","Animalia","Chordata","Mammalia","Rodentia","Sciuridae","Neotamis","Neotamias dorsalis",2.97981701570681,382,12.1870038213575,60.1645771985494,1103,191.503675951165
150,"Neotamias senex","Animalia","Chordata","Mammalia","Rodentia","Sciuridae","Neotamis","Neotamias senex",2.97981701570681,382,12.1870038213575,60.1645771985494,1103,191.503675951165
151,"Neotamias siskiyou","Animalia","Chordata","Mammalia","Rodentia","Sciuridae","Neotamis","Neotamias siskiyou",2.97981701570681,382,12.1870038213575,60.1645771985494,1103,191.503675951165
152,"Neotamias sonomae","Animalia","Chordata","Mammalia","Rodentia","Sciuridae","Neotamis","Neotamias sonomae",2.97981701570681,382,12.1870038213575,60.1645771985494,1103,191.503675951165
153,"Neotamias umbrinus","Animalia","Chordata","Mammalia","Rodentia","Sciuridae","Neotamis","Neotamias umbrinus",2.97981701570681,382,12.1870038213575,60.1645771985494,1103,191.503675951165
154,"Neotoma floridana","Animalia","Chordata","Mammalia","Rodentia","Cricetidae","Neotoma","Neotoma floridana",2.97981701570681,382,12.1870038213575,60.1645771985494,1103,191.503675951165
155,"Neotoma fuscipes","Animalia","Chordata","Mammalia","Rodentia","Cricetidae","Neotoma","Neotoma fuscipes",2.97981701570681,382,12.1870038213575,60.1645771985494,1103,191.503675951165
156,"Neotoma lepida","Animalia","Chordata","Mammalia","Rodentia","Cricetidae","Neotoma","Neotoma lepida",2.97981701570681,382,12.1870038213575,60.1645771985494,1103,191.503675951165
157,"Nerodia cyclopion","Animalia","Chordata","Reptilia","Squamata","Colubridae","Nerodia","Nerodia cyclopion",1.15099189189189,37,2.43051883491506,0.881628333333333,60,1.94611910796949
158,"Nerodia erythrogaster","Animalia","Chordata","Reptilia","Squamata","Colubridae","Nerodia","Nerodia erythrogaster",1.15099189189189,37,2.43051883491506,0.881628333333333,60,1.94611910796949
159,"Nerodia fasciata","Animalia","Chordata","Reptilia","Squamata","Colubridae","Nerodia","Nerodia fasciata",1.15099189189189,37,2.43051883491506,0.881628333333333,60,1.94611910796949
160,"Nerodia rhombifer","Animalia","Chordata","Reptilia","Squamata","Colubridae","Nerodia","Nerodia rhombifer",1.15099189189189,37,2.43051883491506,0.881628333333333,60,1.94611910796949
161,"Nerodia taxispilota","Animalia","Chordata","Reptilia","Squamata","Colubridae","Nerodia","Nerodia taxispilota",1.15099189189189,37,2.43051883491506,0.881628333333333,60,1.94611910796949
163,"Nyctanassa violacea","Animalia","Chordata","Aves","Pelecaniformes","Ardeidae","Nyctanassa","Nyctanassa violacea",154.098461538462,13,204.362379930283,79.4545335820896,536,210.665826431259
164,"Nycticeius humeralis","Animalia","Chordata","Mammalia","Chiroptera","Vespertilionidae","Nycticeius","Nycticeius humeralis",NA,NA,NA,60.1645771985494,1103,191.503675951165
166,"Ochrotomys nuttalli","Animalia","Chordata","Mammalia","Rodentia","Cricetidae","Ochrotomys","Ochrotomys nuttalli",2.97981701570681,382,12.1870038213575,60.1645771985494,1103,191.503675951165
167,"Onychomys torridus","Animalia","Chordata","Mammalia","Rodentia","Cricetidae","Onychomys","Onychomys torridus",2.97981701570681,382,12.1870038213575,60.1645771985494,1103,191.503675951165
168,"Opheodrys aestivus","Animalia","Chordata","Reptilia","Squamata","Colubridae","Opheodrys","Opheodrys aestivus",1.15099189189189,37,2.43051883491506,0.881628333333333,60,1.94611910796949
169,"Ophisaurus attenuatus","Animalia","Chordata","Reptilia","Squamata","Anguidae","Ophisaurus","Ophisaurus attenuatus",1.15099189189189,37,2.43051883491506,0.881628333333333,60,1.94611910796949
170,"Ophisaurus ventralis","Animalia","Chordata","Reptilia","Squamata","Anguidae","Ophisaurus","Ophisaurus ventralis",1.15099189189189,37,2.43051883491506,0.881628333333333,60,1.94611910796949
173,"Otospermophilus beecheyi","Animalia","Chordata","Mammalia","Rodentia","Sciuridae","Otospermophilus","Otospermophilus beecheyi",2.97981701570681,382,12.1870038213575,60.1645771985494,1103,191.503675951165
174,"Pantherophis alleghaniensis","Animalia","Chordata","Reptilia","Squamata","Colubridae","Pantherophis","Pantherophis alleghaniensis",1.15099189189189,37,2.43051883491506,0.881628333333333,60,1.94611910796949
175,"Pantherophis emoryi","Animalia","Chordata","Reptilia","Squamata","Colubridae","Pantherophis","Pantherophis emoryi",1.15099189189189,37,2.43051883491506,0.881628333333333,60,1.94611910796949
176,"Pantherophis guttatus","Animalia","Chordata","Reptilia","Squamata","Colubridae","Pantherophis","Pantherophis guttatus",1.15099189189189,37,2.43051883491506,0.881628333333333,60,1.94611910796949
177,"Pantherophis obsoletus","Animalia","Chordata","Reptilia","Squamata","Colubridae","Pantherophis","Pantherophis obsoletus",1.15099189189189,37,2.43051883491506,0.881628333333333,60,1.94611910796949
178,"Pantherophis ramspotti","Animalia","Chordata","Reptilia","Squamata","Colubridae","Pantherophis","Pantherophis ramspotti",1.15099189189189,37,2.43051883491506,0.881628333333333,60,1.94611910796949
179,"Parastrellus hesperus","Animalia","Chordata","Mammalia","Chiroptera","Vespertilionidae","Parastrellus","Parastrellus hesperus",NA,NA,NA,60.1645771985494,1103,191.503675951165
181,"Passerella megarhyncha","Animalia","Chordata","Aves","Passeriformes","Passerellidae","Passerella","Passerella megarhyncha",40.480562248996,249,93.2314173677107,79.4545335820896,536,210.665826431259
182,"Passerina caerulea","Animalia","Chordata","Aves","Passeriformes","Cardinalidae","Passerina","Passerina caerulea",40.480562248996,249,93.2314173677107,79.4545335820896,536,210.665826431259
184,"Perognathus flavescens","Animalia","Chordata","Mammalia","Rodentia","Heteromyidae","Perognathus","Perognathus flavescens",2.97981701570681,382,12.1870038213575,60.1645771985494,1103,191.503675951165
185,"Perognathus flavus","Animalia","Chordata","Mammalia","Rodentia","Heteromyidae","Perognathus","Perognathus flavus",2.97981701570681,382,12.1870038213575,60.1645771985494,1103,191.503675951165
186,"Perognathus longimembris","Animalia","Chordata","Mammalia","Rodentia","Heteromyidae","Perognathus","Perognathus longimembris",2.97981701570681,382,12.1870038213575,60.1645771985494,1103,191.503675951165
187,"Peromyscus boylii","Animalia","Chordata","Mammalia","Rodentia","Cricetidae","Peromyscus","Peromyscus boylii",2.97981701570681,382,12.1870038213575,60.1645771985494,1103,191.503675951165
188,"Peromyscus crinitus","Animalia","Chordata","Mammalia","Rodentia","Cricetidae","Peromyscus","Peromyscus crinitus",2.97981701570681,382,12.1870038213575,60.1645771985494,1103,191.503675951165
189,"Peromyscus gossypinus","Animalia","Chordata","Mammalia","Rodentia","Cricetidae","Peromyscus","Peromyscus gossypinus",2.97981701570681,382,12.1870038213575,60.1645771985494,1103,191.503675951165
190,"Peromyscus polionotus","Animalia","Chordata","Mammalia","Rodentia","Cricetidae","Peromyscus","Peromyscus polionotus",2.97981701570681,382,12.1870038213575,60.1645771985494,1103,191.503675951165
191,"Peromyscus truei","Animalia","Chordata","Mammalia","Rodentia","Cricetidae","Peromyscus","Peromyscus truei",2.97981701570681,382,12.1870038213575,60.1645771985494,1103,191.503675951165
192,"Peucaea cassinii","Animalia","Chordata","Aves","Passeriformes","Passerellidae","Peucaea","Peucaea cassinii",40.480562248996,249,93.2314173677107,79.4545335820896,536,210.665826431259
193,"Phrynosoma douglasii","Animalia","Chordata","Reptilia","Squamata","Phrynosomatidae","Phrynosoma","Phrynosoma douglasii",1.15099189189189,37,2.43051883491506,0.881628333333333,60,1.94611910796949
194,"Phrynosoma platyrhinos","Animalia","Chordata","Reptilia","Squamata","Phrynosomatidae","Phrynosoma","Phrynosoma platyrhinos",1.15099189189189,37,2.43051883491506,0.881628333333333,60,1.94611910796949
195,"Pipilo chlorurus","Animalia","Chordata","Aves","Passeriformes","Passerellidae","Pipilo","Pipilo chlorurus",40.480562248996,249,93.2314173677107,79.4545335820896,536,210.665826431259
196,"Piranga rubra","Animalia","Chordata","Aves","Passeriformes","Cardinalidae","Piranga","Piranga rubra",40.480562248996,249,93.2314173677107,79.4545335820896,536,210.665826431259
197,"Pituophis melanoleucus","Animalia","Chordata","Reptilia","Squamata","Colubridae","Pituophis","Pituophis melanoleucus",1.15099189189189,37,2.43051883491506,0.881628333333333,60,1.94611910796949
198,"Plegadis falcinellus","Animalia","Chordata","Aves","Pelecaniformes","Threskiornithidae","Plegadis","Plegadis falcinellus",154.098461538462,13,204.362379930283,79.4545335820896,536,210.665826431259
199,"Plestiodon anthracinus","Animalia","Chordata","Reptilia","Squamata","Scincidae","Plestiodon","Plestiodon anthracinus",1.15099189189189,37,2.43051883491506,0.881628333333333,60,1.94611910796949
201,"Plestiodon inexpectatus","Animalia","Chordata","Reptilia","Squamata","Scincidae","Plestiodon","Plestiodon inexpectatus",1.15099189189189,37,2.43051883491506,0.881628333333333,60,1.94611910796949
202,"Plestiodon laticeps","Animalia","Chordata","Reptilia","Squamata","Scincidae","Plestiodon","Plestiodon laticeps",1.15099189189189,37,2.43051883491506,0.881628333333333,60,1.94611910796949
203,"Plestiodon multivirgatus","Animalia","Chordata","Reptilia","Squamata","Scincidae","Plestiodon","Plestiodon multivirgatus",1.15099189189189,37,2.43051883491506,0.881628333333333,60,1.94611910796949
204,"Plestiodon obsoletus","Animalia","Chordata","Reptilia","Squamata","Scincidae","Plestiodon","Plestiodon obsoletus",1.15099189189189,37,2.43051883491506,0.881628333333333,60,1.94611910796949
205,"Plethodon albagula","Animalia","Chordata","Amphibia","Caudata","Plethodontidae","Plethodon","Plethodon albagula",0.624190804597701,87,1.96207535200656,1.68948948,250,4.26331653024586
207,"Plethodon cylindraceus","Animalia","Chordata","Amphibia","Caudata","Plethodontidae","Plethodon","Plethodon cylindraceus",0.624190804597701,87,1.96207535200656,1.68948948,250,4.26331653024586
208,"Plethodon dorsalis","Animalia","Chordata","Amphibia","Caudata","Plethodontidae","Plethodon","Plethodon dorsalis",0.624190804597701,87,1.96207535200656,1.68948948,250,4.26331653024586
209,"Plethodon dunni","Animalia","Chordata","Amphibia","Caudata","Plethodontidae","Plethodon","Plethodon dunni",0.624190804597701,87,1.96207535200656,1.68948948,250,4.26331653024586
210,"Plethodon electromorphus","Animalia","Chordata","Amphibia","Caudata","Plethodontidae","Plethodon","Plethodon electromorphus",0.624190804597701,87,1.96207535200656,1.68948948,250,4.26331653024586
211,"Plethodon elongatus","Animalia","Chordata","Amphibia","Caudata","Plethodontidae","Plethodon","Plethodon elongatus",0.624190804597701,87,1.96207535200656,1.68948948,250,4.26331653024586
212,"Plethodon glutinosus","Animalia","Chordata","Amphibia","Caudata","Plethodontidae","Plethodon","Plethodon glutinosus",0.624190804597701,87,1.96207535200656,1.68948948,250,4.26331653024586
213,"Plethodon jordani","Animalia","Chordata","Amphibia","Caudata","Plethodontidae","Plethodon","Plethodon jordani",0.624190804597701,87,1.96207535200656,1.68948948,250,4.26331653024586
214,"Plethodon kentucki","Animalia","Chordata","Amphibia","Caudata","Plethodontidae","Plethodon","Plethodon kentucki",0.624190804597701,87,1.96207535200656,1.68948948,250,4.26331653024586
215,"Plethodon metcalfi","Animalia","Chordata","Amphibia","Caudata","Plethodontidae","Plethodon","Plethodon metcalfi",0.624190804597701,87,1.96207535200656,1.68948948,250,4.26331653024586
216,"Plethodon montanus","Animalia","Chordata","Amphibia","Caudata","Plethodontidae","Plethodon","Plethodon montanus",0.624190804597701,87,1.96207535200656,1.68948948,250,4.26331653024586
217,"Plethodon richmondi","Animalia","Chordata","Amphibia","Caudata","Plethodontidae","Plethodon","Plethodon richmondi",0.624190804597701,87,1.96207535200656,1.68948948,250,4.26331653024586
218,"Plethodon serratus","Animalia","Chordata","Amphibia","Caudata","Plethodontidae","Plethodon","Plethodon serratus",0.624190804597701,87,1.96207535200656,1.68948948,250,4.26331653024586
219,"Plethodon sherando","Animalia","Chordata","Amphibia","Caudata","Plethodontidae","Plethodon","Plethodon sherando",0.624190804597701,87,1.96207535200656,1.68948948,250,4.26331653024586
220,"Plethodon shermani","Animalia","Chordata","Amphibia","Caudata","Plethodontidae","Plethodon","Plethodon shermani",0.624190804597701,87,1.96207535200656,1.68948948,250,4.26331653024586
221,"Plethodon teyahalee","Animalia","Chordata","Amphibia","Caudata","Plethodontidae","Plethodon","Plethodon teyahalee",0.624190804597701,87,1.96207535200656,1.68948948,250,4.26331653024586
222,"Plethodon ventralis","Animalia","Chordata","Amphibia","Caudata","Plethodontidae","Plethodon","Plethodon ventralis",0.624190804597701,87,1.96207535200656,1.68948948,250,4.26331653024586
223,"Plethodon welleri","Animalia","Chordata","Amphibia","Caudata","Plethodontidae","Plethodon","Plethodon welleri",0.624190804597701,87,1.96207535200656,1.68948948,250,4.26331653024586
224,"Plethodon yonahlossee","Animalia","Chordata","Amphibia","Caudata","Plethodontidae","Plethodon","Plethodon yonahlossee",0.624190804597701,87,1.96207535200656,1.68948948,250,4.26331653024586
225,"Poecile carolinensis","Animalia","Chordata","Aves","Passeriformes","Paridae","Poecile","Poecile carolinensis",40.480562248996,249,93.2314173677107,79.4545335820896,536,210.665826431259
228,"Pseudacris brachyphona","Animalia","Chordata","Amphibia","Anura","Hylidae","Pseudacris","Pseudacris brachyphona",2.25808447852761,163,4.99585173824122,1.68948948,250,4.26331653024586
229,"Pseudacris brimleyi","Animalia","Chordata","Amphibia","Anura","Hylidae","Pseudacris","Pseudacris brimleyi",2.25808447852761,163,4.99585173824122,1.68948948,250,4.26331653024586
231,"Pseudacris feriarum","Animalia","Chordata","Amphibia","Anura","Hylidae","Pseudacris","Pseudacris feriarum",2.25808447852761,163,4.99585173824122,1.68948948,250,4.26331653024586
232,"Pseudacris kalmi","Animalia","Chordata","Amphibia","Anura","Hylidae","Pseudacris","Pseudacris kalmi",2.25808447852761,163,4.99585173824122,1.68948948,250,4.26331653024586
233,"Pseudacris nigrita","Animalia","Chordata","Amphibia","Anura","Hylidae","Pseudacris","Pseudacris nigrita",2.25808447852761,163,4.99585173824122,1.68948948,250,4.26331653024586
234,"Pseudacris ocularis","Animalia","Chordata","Amphibia","Anura","Hylidae","Pseudacris","Pseudacris ocularis",2.25808447852761,163,4.99585173824122,1.68948948,250,4.26331653024586
235,"Pseudacris ornata","Animalia","Chordata","Amphibia","Anura","Hylidae","Pseudacris","Pseudacris ornata",2.25808447852761,163,4.99585173824122,1.68948948,250,4.26331653024586
236,"Pseudacris streckeri","Animalia","Chordata","Amphibia","Anura","Hylidae","Pseudacris","Pseudacris streckeri",2.25808447852761,163,4.99585173824122,1.68948948,250,4.26331653024586
237,"Pseudotriton montanus","Animalia","Chordata","Amphibia","Caudata","Plethodontidae","Pseudotriton","Pseudotriton montanus",0.624190804597701,87,1.96207535200656,1.68948948,250,4.26331653024586
238,"Quiscalus major","Animalia","Chordata","Aves","Passeriformes","Icteridae","Quiscalus","Quiscalus major",40.480562248996,249,93.2314173677107,79.4545335820896,536,210.665826431259
239,"Quiscalus mexicanus","Animalia","Chordata","Aves","Passeriformes","Icteridae","Quiscalus","Quiscalus mexicanus",40.480562248996,249,93.2314173677107,79.4545335820896,536,210.665826431259
240,"Rallus crepitans","Animalia","Chordata","Aves","Gruifformes","Rallidae","Rallus","Rallus crepitans",NA,NA,NA,79.4545335820896,536,210.665826431259
242,"Rana boylii","Animalia","Chordata","Amphibia","Anura","Ranidae","Rana","Rana boylii",2.25808447852761,163,4.99585173824122,1.68948948,250,4.26331653024586
243,"Rana cascadae","Animalia","Chordata","Amphibia","Anura","Ranidae","Rana","Rana cascadae",2.25808447852761,163,4.99585173824122,1.68948948,250,4.26331653024586
246,"Regina grahamii","Animalia","Chordata","Reptilia","Squamata","Colubridae","Regina","Regina grahamii",1.15099189189189,37,2.43051883491506,0.881628333333333,60,1.94611910796949
248,"Reithrodontomys humulis","Animalia","Chordata","Mammalia","Rodentia","Cricetidae","Reithrodontomys","Reithrodontomys humulis",2.97981701570681,382,12.1870038213575,60.1645771985494,1103,191.503675951165
249,"Reithrodontomys montanus","Animalia","Chordata","Mammalia","Rodentia","Cricetidae","Reithrodontomys","Reithrodontomys montanus",2.97981701570681,382,12.1870038213575,60.1645771985494,1103,191.503675951165
250,"Rhadinaea flavilata","Animalia","Chordata","Reptilia","Squamata","Colubridae","Rhadinaea","Rhadinaea flavilata",1.15099189189189,37,2.43051883491506,0.881628333333333,60,1.94611910796949
251,"Rhinocheilus lecontei","Animalia","Chordata","Reptilia","Squamata","Colubridae","Rhinocheilus","Rhinocheilus lecontei",1.15099189189189,37,2.43051883491506,0.881628333333333,60,1.94611910796949
252,"Sayornis nigricans","Animalia","Chordata","Aves","Passeriformes","Tyrannidae","Sayornis","Sayornis nigricans",40.480562248996,249,93.2314173677107,79.4545335820896,536,210.665826431259
254,"Scapanus latimanus","Animalia","Chordata","Mammalia","Soricomorpha","Talpidae","Scapanus","Scapanus latimanus",0.7413,10,0.538713292124031,60.1645771985494,1103,191.503675951165
255,"Scaphiopus holbrookii","Animalia","Chordata","Amphibia","Anura","Scaphiopodidae","Scaphiopus","Scaphiopus holbrookii",2.25808447852761,163,4.99585173824122,1.68948948,250,4.26331653024586
256,"Sceloporus graciosus","Animalia","Chordata","Reptilia","Squamata","Iguanidae","Sceloporus","Sceloporus graciosus",1.15099189189189,37,2.43051883491506,0.881628333333333,60,1.94611910796949
257,"Sceloporus occidentalis","Animalia","Chordata","Reptilia","Squamata","Iguanidae","Sceloporus","Sceloporus occidentalis",1.15099189189189,37,2.43051883491506,0.881628333333333,60,1.94611910796949
258,"Sceloporus undulatus","Animalia","Chordata","Reptilia","Squamata","Iguanidae","Sceloporus","Sceloporus undulatus",1.15099189189189,37,2.43051883491506,0.881628333333333,60,1.94611910796949
259,"Scincella lateralis","Animalia","Chordata","Reptilia","Squamata","Scincidae","Scincella","Scincella lateralis",1.15099189189189,37,2.43051883491506,0.881628333333333,60,1.94611910796949
260,"Sciurus griseus","Animalia","Chordata","Mammalia","Rodentia","Sciuridae","Sciurus","Sciurus griseus",2.97981701570681,382,12.1870038213575,60.1645771985494,1103,191.503675951165
262,"Selasphorus platycercus","Animalia","Chordata","Aves","Apodiformes","Trochilidae","Selasphorus","Selasphorus platycercus",NA,NA,NA,79.4545335820896,536,210.665826431259
263,"Selasphorus sasin","Animalia","Chordata","Aves","Apodiformes","Trochilidae","Selasphorus","Selasphorus sasin",NA,NA,NA,79.4545335820896,536,210.665826431259
264,"Setophaga dominica","Animalia","Chordata","Aves","Passeriformes","Parulidae","Setophaga","Setophaga dominica",40.480562248996,249,93.2314173677107,79.4545335820896,536,210.665826431259
265,"Setophaga occidentalis","Animalia","Chordata","Aves","Passeriformes","Parulidae","Setophaga","Setophaga occidentalis",40.480562248996,249,93.2314173677107,79.4545335820896,536,210.665826431259
269,"Sigmodon hispidus","Animalia","Chordata","Mammalia","Rodentia","Cricetidae","Sigmodon","Sigmodon hispidus",2.97981701570681,382,12.1870038213575,60.1645771985494,1103,191.503675951165
270,"Siren intermedia","Animalia","Chordata","Amphibia","Caudata","Sirenidae","Siren","Siren intermedia",0.624190804597701,87,1.96207535200656,1.68948948,250,4.26331653024586
271,"Siren lacertina","Animalia","Chordata","Amphibia","Caudata","Sirenidae","Siren","Siren lacertina",0.624190804597701,87,1.96207535200656,1.68948948,250,4.26331653024586
272,"Sistrurus miliarius","Animalia","Chordata","Reptilia","Squamata","Viperidae","Sistrurus","Sistrurus miliarius",1.15099189189189,37,2.43051883491506,0.881628333333333,60,1.94611910796949
273,"Sitta pusilla","Animalia","Chordata","Aves","Passeriformes","Sittidae","Sitta","Sitta pusilla",40.480562248996,249,93.2314173677107,79.4545335820896,536,210.665826431259
275,"Sonora semiannulata","Animalia","Chordata","Reptilia","Squamata","Colubridae","Sonora","Sonora semiannulata",1.15099189189189,37,2.43051883491506,0.881628333333333,60,1.94611910796949
276,"Sorex longirostris","Animalia","Chordata","Mammalia","Soricomorpha","Soricidae","Sorex","Sorex longirostris",0.7413,10,0.538713292124031,60.1645771985494,1103,191.503675951165
277,"Sorex merriami","Animalia","Chordata","Mammalia","Soricomorpha","Soricidae","Sorex","Sorex merriami",0.7413,10,0.538713292124031,60.1645771985494,1103,191.503675951165
278,"Sorex nanus","Animalia","Chordata","Mammalia","Soricomorpha","Soricidae","Sorex","Sorex nanus",0.7413,10,0.538713292124031,60.1645771985494,1103,191.503675951165
279,"Sorex sonomae","Animalia","Chordata","Mammalia","Soricomorpha","Soricidae","Sorex","Sorex sonomae",0.7413,10,0.538713292124031,60.1645771985494,1103,191.503675951165
282,"Spinus psaltria","Animalia","Chordata","Aves","Passeriformes","Fringillidae","Spinus","Spinus psaltria",40.480562248996,249,93.2314173677107,79.4545335820896,536,210.665826431259
284,"Stereochilus marginatus","Animalia","Chordata","Amphibia","Caudata","Plethodontidae","Stereochilus","Stereochilus marginatus",0.624190804597701,87,1.96207535200656,1.68948948,250,4.26331653024586
286,"Sylvilagus aquaticus","Animalia","Chordata","Mammalia","Lagomorpha","Leporidae","Sylvilagus","Sylvilagus aquaticus",14.2161105263158,57,37.3440822912876,60.1645771985494,1103,191.503675951165
287,"Sylvilagus audubonii","Animalia","Chordata","Mammalia","Lagomorpha","Leporidae","Sylvilagus","Sylvilagus audubonii",14.2161105263158,57,37.3440822912876,60.1645771985494,1103,191.503675951165
288,"Sylvilagus bachmani","Animalia","Chordata","Mammalia","Lagomorpha","Leporidae","Sylvilagus","Sylvilagus bachmani",14.2161105263158,57,37.3440822912876,60.1645771985494,1103,191.503675951165
289,"Sylvilagus palustris","Animalia","Chordata","Mammalia","Lagomorpha","Leporidae","Sylvilagus","Sylvilagus palustris",14.2161105263158,57,37.3440822912876,60.1645771985494,1103,191.503675951165
290,"Sylvilagus transitionalis","Animalia","Chordata","Mammalia","Lagomorpha","Leporidae","Sylvilagus","Sylvilagus transitionalis",14.2161105263158,57,37.3440822912876,60.1645771985494,1103,191.503675951165
291,"Tadarida brasiliensis","Animalia","Chordata","Mammalia","Chiroptera","Molossidae","Tadarida","Tadarida brasiliensis",NA,NA,NA,60.1645771985494,1103,191.503675951165
292,"Tantilla coronata","Animalia","Chordata","Reptilia","Squamata","Colubridae","Tantilla","Tantilla coronata",1.15099189189189,37,2.43051883491506,0.881628333333333,60,1.94611910796949
293,"Tantilla gracilis","Animalia","Chordata","Reptilia","Squamata","Colubridae","Tantilla","Tantilla gracilis",1.15099189189189,37,2.43051883491506,0.881628333333333,60,1.94611910796949
294,"Tantilla nigriceps","Animalia","Chordata","Reptilia","Squamata","Colubridae","Tantilla","Tantilla nigriceps",1.15099189189189,37,2.43051883491506,0.881628333333333,60,1.94611910796949
296,"Thamnophis atratus","Animalia","Chordata","Reptilia","Squamata","Colubridae","Thamnophis","Thamnophis atratus",1.15099189189189,37,2.43051883491506,0.881628333333333,60,1.94611910796949
297,"Thomomys bottae","Animalia","Chordata","Mammalia","Rodentia","Geomyidae","Thomomys","Thomomys bottae",2.97981701570681,382,12.1870038213575,60.1645771985494,1103,191.503675951165
298,"Thomomys idahoensis","Animalia","Chordata","Mammalia","Rodentia","Geomyidae","Thomomys","Thomomys idahoensis",2.97981701570681,382,12.1870038213575,60.1645771985494,1103,191.503675951165
299,"Thomomys mazama","Animalia","Chordata","Mammalia","Rodentia","Geomyidae","Thomomys","Thomomys mazama",2.97981701570681,382,12.1870038213575,60.1645771985494,1103,191.503675951165
300,"Thomomys monticola","Animalia","Chordata","Mammalia","Rodentia","Geomyidae","Thomomys","Thomomys monticola",2.97981701570681,382,12.1870038213575,60.1645771985494,1103,191.503675951165
301,"Thomomys townsendii","Animalia","Chordata","Mammalia","Rodentia","Geomyidae","Thomomys","Thomomys townsendii",2.97981701570681,382,12.1870038213575,60.1645771985494,1103,191.503675951165
302,"Toxostoma redivivum","Animalia","Chordata","Aves","Passeriformes","Mimidae","Toxostoma","Toxostoma redivivum",40.480562248996,249,93.2314173677107,79.4545335820896,536,210.665826431259
306,"Tropidoclonion lineatum","Animalia","Chordata","Reptilia","Squamata","Colubridae","Tropidoclonion","Tropidoclonion lineatum",1.15099189189189,37,2.43051883491506,0.881628333333333,60,1.94611910796949
307,"Tyrannus vociferans","Animalia","Chordata","Aves","Passeriformes","Tyrannidae","Tyrannus","Tyrannus vociferans",40.480562248996,249,93.2314173677107,79.4545335820896,536,210.665826431259
308,"Urocitellus armatus","Animalia","Chordata","Mammalia","Rodentia","Sciuridae","Urocitellus","Urocitellus armatus",2.97981701570681,382,12.1870038213575,60.1645771985494,1103,191.503675951165
309,"Urocitellus beldingi","Animalia","Chordata","Mammalia","Rodentia","Sciuridae","Urocitellus","Urocitellus beldingi",2.97981701570681,382,12.1870038213575,60.1645771985494,1103,191.503675951165
310,"Urocitellus canus","Animalia","Chordata","Mammalia","Rodentia","Sciuridae","Urocitellus","Urocitellus canus",2.97981701570681,382,12.1870038213575,60.1645771985494,1103,191.503675951165
311,"Urocitellus elegans","Animalia","Chordata","Mammalia","Rodentia","Sciuridae","Urocitellus","Urocitellus elegans",2.97981701570681,382,12.1870038213575,60.1645771985494,1103,191.503675951165
312,"Urocitellus mollis","Animalia","Chordata","Mammalia","Rodentia","Sciuridae","Urocitellus","Urocitellus mollis",2.97981701570681,382,12.1870038213575,60.1645771985494,1103,191.503675951165
314,"Uta stansburiana","Animalia","Chordata","Reptilia","Squamata","Iguanidae","Uta","Uta stansburiana",1.15099189189189,37,2.43051883491506,0.881628333333333,60,1.94611910796949
315,"Vireo bellii","Animalia","Chordata","Aves","Passeriformes","Vireonidae","Vireo","Vireo bellii",40.480562248996,249,93.2314173677107,79.4545335820896,536,210.665826431259
316,"Vireo griseus","Animalia","Chordata","Aves","Passeriformes","Vireonidae","Vireo","Vireo griseus",40.480562248996,249,93.2314173677107,79.4545335820896,536,210.665826431259
317,"Vireo plumbeus","Animalia","Chordata","Aves","Passeriformes","Vireonidae","Vireo","Vireo plumbeus",40.480562248996,249,93.2314173677107,79.4545335820896,536,210.665826431259
318,"Virginia valeriae","Animalia","Chordata","Reptilia","Squamata","Colubridae","Virginia","Virginia valeriae",1.15099189189189,37,2.43051883491506,0.881628333333333,60,1.94611910796949
319,"Vulpes macrotis","Animalia","Chordata","Mammalia","Carnivora","Canidae","Vulpes","Vulpes macrotis",123.582851415094,424,212.226991301558,60.1645771985494,1103,191.503675951165
320,"Xerospermophilus spilosoma","Animalia","Chordata","Mammalia","Rodentia","Sciuridae","Xerospermophilus","Xerospermophilus spilosoma",2.97981701570681,382,12.1870038213575,60.1645771985494,1103,191.503675951165
